{
    "collimator": {
        "s": [
            5207.433900000123
        ],
        "name": [
            "tidvg.51872..4_W"
        ],
        "length": [
            0.3
        ],
        "n": [
            31.0
        ]
    },
    "aperture": {
        "s": [
            48.722690698609775,
            176.71349069860983,
            240.70889069861,
            368.6996906986109,
            752.6721906986127,
            880.6629906986127,
            1072.6491906986116,
            1200.6399906986087,
            1264.6353906986074,
            1392.6261906986047,
            1584.612390698601,
            1904.5894906985957,
            2096.575690698599,
            2224.5664906986117,
            2288.561890698618,
            2416.5526906986306,
            2608.5388906986495,
            2736.5297906986625,
            2800.5251906986687,
            3120.502190698689,
            3248.492990698702,
            3312.4883906987084,
            3440.4791906987216,
            3632.465390698741,
            3760.4561906987537,
            3824.45169069876,
            3952.4424906987724,
            4272.419490698774,
            4336.41489069877,
            4464.405690698766,
            4656.391890698756,
            4784.382690698749,
            4848.378090698746,
            4976.368990698738,
            5215.327759259383,
            5215.52631975321,
            5217.3639730159975,
            5217.755719047744,
            5218.4412746032995,
            5218.805850000125,
            5219.291582641635,
            5220.291495849182,
            5221.491391698239,
            5221.891356981258,
            5222.091339622767,
            5222.991261509559,
            5223.1912441510685,
            5223.591209434087,
            5223.891183396352,
            5226.19098377371,
            5233.7903241510685,
            5235.490176603898,
            5236.690072452955,
            5239.489829434087,
            5240.189768679371,
            5242.1895950944645,
            5244.089430188805,
            5245.089343396352,
            5245.489308679371,
            5246.325050000125,
            5250.888295349432,
            5251.068290698737,
            5251.921929599116,
            5255.390684495895,
            5255.490049870542,
            5259.9640116283,
            5360.3413906987325,
            5391.125470401133,
            5391.220319167842,
            5391.31516793455,
            5391.410016701259,
            5391.504865467968,
            5391.599714234677,
            5391.694563001385,
            5391.789411768094,
            5391.884260534803,
            5391.979109301512,
            5424.336790698729,
            5552.327590698723,
            5616.322990698721,
            5744.313790698713,
            5808.30919069871,
            5872.304590698706,
            5936.299990698703,
            6064.290890698697,
            6128.286290698691,
            6256.277090698685,
            6576.254090698675,
            6640.249490698671,
            6768.240290698666,
            6896.2310906986595
        ],
        "name": [
            "mba.10170_entry_aper_upstream",
            "mba.10570_entry_aper_upstream",
            "mba.10770_entry_aper_upstream",
            "mba.11170_entry_aper_upstream",
            "mba.12370_entry_aper_upstream",
            "mba.12770_entry_aper_upstream",
            "mba.13370_entry_aper_upstream",
            "mba.20170_entry_aper_upstream",
            "mba.20370_entry_aper_upstream",
            "mba.20770_entry_aper_upstream",
            "mba.21370_entry_aper_upstream",
            "mba.22370_entry_aper_upstream",
            "mba.22970_entry_aper_upstream",
            "mba.23370_entry_aper_upstream",
            "mba.23570_entry_aper_upstream",
            "mba.30370_entry_aper_upstream",
            "mba.30970_entry_aper_upstream",
            "mba.31370_entry_aper_upstream",
            "mba.31570_entry_aper_upstream",
            "mba.32570_entry_aper_upstream",
            "mba.32970_entry_aper_upstream",
            "mba.33170_entry_aper_upstream",
            "mba.33570_entry_aper_upstream",
            "mba.40570_entry_aper_upstream",
            "mba.40970_entry_aper_upstream",
            "mba.41170_entry_aper_upstream",
            "mba.41570_entry_aper_upstream",
            "mba.42570_entry_aper_upstream",
            "mba.42770_entry_aper_upstream",
            "mba.43170_entry_aper_upstream",
            "mba.50170_entry_aper_upstream",
            "mba.50570_entry_aper_upstream",
            "mba.50770_entry_aper_upstream",
            "mba.51170_entry_aper_upstream",
            "qd.51910_entry_aper_upstream",
            "qd.51910_entry_aper_upstream",
            "qd.51910..4_aper_upstream",
            "qd.51910..5_aper_upstream",
            "qd.51910..7_aper_upstream",
            "mdv.51920_aper_upstream",
            "loen.52002_entry_aper_upstream",
            "loen.52002_entry_aper_upstream",
            "loen.52002_entry_aper_upstream",
            "loen.52002_entry_aper_upstream",
            "loen.52002_entry_aper_upstream",
            "loen.52002_entry_aper_upstream",
            "loen.52002_entry_aper_upstream",
            "loen.52002_entry_aper_upstream",
            "loen.52002_entry_aper_upstream",
            "loen.52002_entry_aper_upstream",
            "loen.52002_entry_aper_upstream",
            "loen.52002_entry_aper_upstream",
            "loen.52002_entry_aper_upstream",
            "loen.52002_entry_aper_upstream",
            "loen.52002_entry_aper_upstream",
            "loen.52002_entry_aper_upstream",
            "loen.52002_entry_aper_upstream",
            "loen.52002_entry_aper_upstream",
            "loen.52002_entry_aper_upstream",
            "lsf.52005_entry_aper_upstream",
            "mba.52030_entry_aper_upstream",
            "mba.52030_entry_aper_upstream",
            "mba.52030..0_aper_upstream",
            "mba.52030..1_aper_upstream",
            "mba.52030..1_aper_upstream",
            "mba.52050..1_aper_upstream",
            "mba.52370_entry_aper_upstream",
            "mba.52450..exit_map_aper_upstream",
            "mba.52450..exit_map_aper_upstream",
            "mba.52450..exit_map_aper_upstream",
            "mba.52450..exit_map_aper_upstream",
            "mba.52450..exit_map_aper_upstream",
            "mba.52450..exit_map_aper_upstream",
            "mba.52450..exit_map_aper_upstream",
            "mba.52450..exit_map_aper_upstream",
            "mba.52450..exit_map_aper_upstream",
            "mba.52450..exit_map_aper_upstream",
            "mba.52570_entry_aper_upstream",
            "mba.52970_entry_aper_upstream",
            "mba.53170_entry_aper_upstream",
            "mba.53570_entry_aper_upstream",
            "mba.60170_entry_aper_upstream",
            "mba.60370_entry_aper_upstream",
            "mba.60570_entry_aper_upstream",
            "mba.60970_entry_aper_upstream",
            "mba.61170_entry_aper_upstream",
            "mba.61570_entry_aper_upstream",
            "mba.62570_entry_aper_upstream",
            "mba.62770_entry_aper_upstream",
            "mba.63170_entry_aper_upstream",
            "mba.63570_entry_aper_upstream"
        ],