{
    "SP.BLMR.40108.ILS_QD": 3487.06387184,
    "SP.BLMR.10107.ILS_QD": 31.30477736,
    "SP.BLMR.12020.BTS_QF": 643.43029908,
    "SP.BLMR.30820.BTS_QF": 2563.2966152,
    "SP.BLMR.10620.BTS_QF": 195.46166416,
    "SP.BLMR.32820.BTS_QF": 3203.2518756,
    "SP.BLMR.10820.BTS_QF": 259.45721888,
    "SP.BLMR.30908.ILS_QD": 2591.12639256,
    "SP.BLMR.13220.BTS_QF": 1027.40358872,
    "SP.BLMR.30020.BTS_QF": 2307.31439632,
    "SP.BLMR.30420.BTS_QF": 2435.30550576,
    "SP.BLMR.30620.BTS_QF": 2499.30106048,
    "SP.BLMR.21407.ILS_QF": 1599.1955812,
    "SP.BLMR.22020.BTS_QF": 1795.34999724,
    "SP.BLMR.33508.ILS_QD": 3423.06831712,
    "SP.BLML.21796.ILS_MST3": 1723.12689724,
    "SP.BLML.21835.ILS_MSE1": 1734.11159724,
    "SP.BLML.11904.ILS_MDVA": 607.19389908,
    "SP.BLML.21652.ILS_ZS2": 1674.77569724,
    "SP.BLMH.660523.RLI_TT66": 407.85,
    "SP.BLML.41897.BLS_BTVE": 4059.52799356,
    "SP.BLML.220469.LLS_MSSB_TDC2": 90.3674,
    "SP.BLMR.62108.ILS_QD": 6431.21206724,
    "SP.BLML.61633.ELS_MKE1": 6277.15978988,
    "SP.BLML.61832.ILS_MSE1": 6341.91338988,
    "SP.BLML.61640.ELS_MKE3": 6281.69078988,
    "SP.BLML.51697.ILS_MDVW": 5147.41983172,
    "SP.BLMR.61931.ILS_QD": 6371.58888988,
    "SP.BLMR.11407.ILS_QF": 447.63118304,
    "SP.BLMR.61508.ILS_QD": 6239.22571252,
    "SP.BLMR.50220.BTS_QF": 4675.14934736,
    "SP.BLMR.51020.BTS_QF": 4931.13166624,
    "SP.BLMR.60420.BTS_QF": 5891.06460024,
    "SP.BLMR.63308.ILS_QD": 6814.83185688,
    "SP.BLMR.43108.ILS_QD": 4446.99690584,
    "SP.BLMR.51408.ILS_QF": 5055.31082568,
    "SP.BLMR.41508.ILS_QD": 3935.7213162,
    "SP.BLMR.42908.ILS_QD": 4383.00135112,
    "SP.BLMR.50420.BTS_QF": 4739.14490208,
    "SP.BLMR.40620.BTS_QF": 3651.22075864,
    "SP.BLML.210916.RLS_MBB_TT20": 328.861,
    "SP.BLMR.11507.ILS_QD": 479.62717172,
    "SP.BLMR.42508.ILS_QD": 4255.01024168,
    "SP.BLMR.51807.ILS_QF": 5182.99031172,
    "SP.BLMR.30108.ILS_QD": 2335.14417368,
    "SP.BLMR.31508.ILS_QD": 2783.11311804,
    "SP.BLMR.31708.ILS_QD": 2847.1085954,
    "SP.BLMR.10508.ILS_QD": 159.2958868,
    "SP.BLMR.32420.BTS_QF": 3075.26076616,
    "SP.BLMR.32908.ILS_QD": 3231.08165296,
    "SP.BLMR.31220.BTS_QF": 2691.28772464,
    "SP.BLMR.20020.BTS_QF": 1155.39469816,
    "SP.BLMR.20308.ILS_QD": 1247.22003024,
    "SP.BLMR.20908.ILS_QD": 1439.2066944,
    "SP.BLMR.10420.BTS_QF": 131.46610944,
    "SP.BLML.21636.ILS_ZS1": 1670.86619724,
    "SP.BLML.11451.ILS_TIDP": 458.67188304,
    "SP.BLML.210806.RLS_QNLD_TT20": 286.385,
    "SP.BLML.21931.ELS_OUT": 1763.71229724,
    "SP.BLML.41854.BLS_MSE2": 4044.10799356,
    "SP.BLML.41874.BLS_MSE4": 4050.57099356,
    "SP.BLML.51831.ILS_QFA": 5187.57929172,
    "SP.BLML.11872.ILS_TFDV": 593.48689908,
    "SP.BLMR.61806.ILS_QF": 6334.48668988,
    "SP.BLML.51740.ILS_MKDVB": 5161.33844172,
    "SP.BLML.51756.ELS_MKDHA2": 5165.74159172,
    "SP.BLML.61637.ELS_MKE2": 6279.47278988,
    "SP.BLML.11852.ILS_MSI2": 586.17069908,
    "SP.BLMR.53020.BTS_QF": 5571.08682664,
    "SP.BLMR.60620.BTS_QF": 5955.06025496,
    "SP.BLMR.41607.ILS_QF": 3967.38659356,
    "SP.BLMR.43420.BTS_QF": 4547.15823792,
    "SP.BLMR.41108.ILS_QD": 3807.04164544,
    "SP.BLMR.63108.ILS_QD": 6750.83630216,
    "SP.BLMR.10020.BTS_QF": 3.475,
    "SP.BLMR.60508.ILS_QD": 5918.8943776,
    "SP.BLMR.11605.ILS_QF": 511.27139908,
    "SP.BLMR.43508.ILS_QD": 4574.98801528,
    "SP.BLMR.52620.BTS_QF": 5443.0957172,
    "SP.BLML.220441.LLS_MSSB_TDC2": 74.0024,
    "SP.BLMR.40308.ILS_QD": 3551.05942656,
    "SP.BLMR.12708.ILS_QD": 863.24670192,
    "SP.BLMR.22508.ILS_QD": 1951.17084536,
    "SP.BLMR.23420.BTS_QF": 2243.3188416,
    "SP.BLMR.30708.ILS_QD": 2559.1286152,
    "SP.BLMR.32108.ILS_QD": 2975.09947276,
    "SP.BLMR.31020.BTS_QF": 2627.29216992,
    "---": 5279.29506908,
    "SP.BLMR.20620.BTS_QF": 1347.38136232,
    "SP.BLMR.20820.BTS_QF": 1411.37691704,
    "SP.BLMR.22420.BTS_QF": 1923.341068,
    "SP.BLMR.21108.ILS_QD": 1503.20224912,
    "SP.BLMR.40020.BTS_QF": 3459.23409448,
    "SP.BLML.21792.ILS_MST2": 1719.89289724,
    "SP.BLML.41859.BLS_MSE3": 4047.33799356,
    "SP.BLML.41839.BLS_MSE1": 4040.87099356,
    "SP.BLML.11955.ILS_MKP3": 621.13509908,
    "SP.BLML.21772.ILS_TPS": 1713.60489724,
    "SP.BLML.41879.BLS_MSE5": 4053.80499356,
    "SP.BLML.210558.RLS_MBE_TT20": 210.843,
    "SP.BLML.11809.ELS_MASK": 575.80489908,
    "SP.BLML.61654.ELS_MPLH": 6283.98888988,
    "SP.BLML.210706.RLS_QNLD_TT20": 250.718,
    "SP.BLML.61872.ILS_MES5": 6354.84748988,
    "SP.BLMR.53308.ILS_QD": 5662.91215872,
    "SP.BLMR.52508.ILS_QD": 5406.92993984,
    "SP.BLMR.21605.ILS_QF": 1663.00749724,
    "SP.BLMR.40220.BTS_QF": 3523.2296492,
    "SP.BLMR.52220.BTS_QF": 5315.10460776,
    "SP.BLMR.60020.BTS_QF": 5763.0734908,
    "SP.BLMR.53420.BTS_QF": 5699.07793608,
    "SP.BLMR.60708.ILS_QD": 5982.89003232,
    "SP.BLMR.52820.BTS_QF": 5507.09127192,
    "SP.BLMR.42108.ILS_QD": 4127.37267092,
    "SP.BLMR.61108.ILS_QD": 6110.88114176,
    "SP.BLMR.63420.BTS_QF": 6850.99763424,
    "SP.BLMR.60220.BTS_QF": 5827.06904552,
    "SP.BLMR.43020.BTS_QF": 4419.16712848,
    "SP.BLMR.41407.ILS_QF": 3903.39137752,
    "SP.BLMR.50820.BTS_QF": 4867.13601152,
    "SP.BLML.211415.RLS_MBE_TT20": 516.1807,
    "SP.BLMR.63508.ILS_QD": 6878.8274116,
    "SP.BLMR.42220.BTS_QF": 4163.3159096,
    "SP.BLMR.53220.BTS_QF": 5635.08238136,
    "SP.BLMR.11308.ILS_QD": 415.27810568,
    "SP.BLMR.12420.BTS_QF": 771.42136984,
    "SP.BLMR.13508.ILS_QD": 1119.2289208,
    "SP.BLMR.22708.ILS_QD": 2015.16640008,
    "SP.BLMR.10308.ILS_QD": 95.30033208,
    "SP.BLMR.32708.ILS_QD": 3167.08609824,
    "SP.BLMR.33308.ILS_QD": 3359.0727624,
    "SP.BLMR.33420.BTS_QF": 3395.23853976,
    "SP.BLMR.10220.BTS_QF": 67.47055472,
    "SP.BLMR.22308.ILS_QD": 1887.17529064,
    "SP.BLMR.30508.ILS_QD": 2463.13528312,
    "SP.BLMR.20108.ILS_QD": 1183.22447552,
    "SP.BLMR.13108.ILS_QD": 991.23781136,
    "SP.BLMR.23308.ILS_QD": 2207.15306424,
    "SP.BLML.210106.RLS_QTLD_TT20": 16.1208,
    "SP.BLML.41835.BLS_TPSG": 4038.18799356,
    "SP.BLML.11998.ILS_TBSJ": 636.51659908,
    "SP.BLML.21679.ILS_ZS5": 1686.49669724,
    "SP.BLML.61837.ILS_MSE2": 6345.14598988,
    "SP.BLML.61794.ILS_MST2": 6332.78468988,
    "SP.BLML.21694.ILS_ TCE": 1689.12519724,
    "SP.BLML.61773.ILS_TPSG2": 6322.48118988,
    "SP.BLML.11836.ILS_MSI1": 582.77489908,
    "SP.BLMR.51608.ILS_QF": 5119.03203172,
    "SP.BLMR.50620.BTS_QF": 4803.1404568,
    "SP.BLMR.61020.BTS_QF": 6083.0513644,
    "SP.BLML.211600.RLS.QNLF_TT20": 587.3316,
    "SP.BLMR.50108.ILS_QD": 4638.98357,
    "SP.BLMR.51220.BTS_QF": 4995.12722096,
    "SP.BLMR.21705.ELS_QD": 1694.93619724,
    "SP.BLMR.11705.ILS_QD": 543.11774908,
    "SP.BLMR.42308.ILS_QD": 4191.01468696,
    "SP.BLMR.62220.BTS_QF": 6467.02430592,
    "SP.BLMR.62420.BTS_QF": 6531.01986064,
    "SP.BLML.211741.LLS_MSSB_TDC2": 631.7123,
    "SP.BLML.211631.LLS_MDLV_TDC2": 607.0321,
    "SP.BLMR.60308.ILS_QD": 5854.89882288,
    "SP.BLMR.51908.ILS_QD": 5215.30249172,
    "SP.BLMR.43308.ILS_QD": 4510.99246056,
    "SP.BLMR.52020.BTS_QF": 5251.23609172,
    "SP.BLMR.12508.ILS_QD": 799.2511472,
    "SP.BLMR.33020.BTS_QF": 3267.24743032,
    "SP.BLMR.33108.ILS_QD": 3295.07720768,
    "SP.BLMR.11020.BTS_QF": 323.4527736,
    "SP.BLMR.31808.ILS_QF": 2879.1062954,
    "SP.BLMR.31608.ILS_QF": 2815.1108954,
    "SP.BLMR.32020.BTS_QF": 2947.2696954,
    "SP.BLMR.32508.ILS_QD": 3103.09054352,
    "SP.BLMR.20508.ILS_QD": 1311.21558496,
    "SP.BLMR.20420.BTS_QF": 1283.3858076,
    "SP.BLMR.21020.BTS_QF": 1475.37247176,
    "SP.BLMR.20708.ILS_QD": 1375.21113968,
    "SP.BLMR.23020.BTS_QF": 2115.32773216,
    "SP.BLMR.12108.ILS_QD": 671.26007644,
    "SP.BLMR.10708.ILS_QD": 223.29144152,
    "SP.BLMR.21507.ILS_QD": 1631.19331988,
    "SP.BLMR.22220.BTS_QF": 1859.34551328,
    "SP.BLMR.13420.BTS_QF": 1091.39914344,
    "SP.BLMR.23220.BTS_QF": 2179.32328688,
    "SP.BLML.21657.ILS_ZS3": 1678.68619724,
    "SP.BLML.21776.ILS_MST1": 1716.66889724,