{
    "collimator": {
        "s": [
            5220.5916
        ],
        "name": [
            "tcsm.51932"
        ],
        "length": [
            1.83
        ],
        "n": [
            339.0
        ]
    },
    "aperture": {
        "s": [
            112.71809069860977,
            768.710437037037,
            798.464996179068,
            798.9456,
            1152.2258000000002,
            1155.1712933561498,
            1950.8629,
            3440.4791906986097,
            3632.46539069861,
            4592.396490698609,
            5222.901497142857,
            5223.1007681632655,
            5223.300039183673,
            5223.798216734694,
            5224.19675877551,
            5224.396029795918,
            5224.595300816326,
            5224.794571836735,
            5225.193113877551,
            5225.392384897959,
            5225.591655918367,
            5225.890562448979,
            5225.990197959183,
            5226.189468979592,
            5226.388739999999,
            5226.488375510204,
            5226.88691755102,
            5226.986553061224,
            5227.0861885714285,
            5227.285459591836,
            5227.38509510204,
            5227.584366122449,
            5227.982908163265,
            5228.281814693877,
            5228.481085714286,
            5228.58072122449,
            5228.879627755102,
            5228.979263265306,
            5229.07889877551,
            5229.975618367347,
            5230.174889387755,
            5230.573431428571,
            5230.872337959184,
            5230.971973469387,
            5231.669422040816,
            5231.968328571428,
            5232.466506122449,
            5232.566141632653,
            5232.665777142857,
            5233.064319183673,
            5233.363225714285,
            5234.060674285714,
            5234.160309795919,
            5234.459216326531,
            5234.758122857143,
            5235.156664897959,
            5235.256300408163,
            5235.654842448979,
            5235.953748979592,
            5236.252655510204,
            5236.551562040816,
            5237.547917142857,
            5237.647552653061,
            5237.84682367347,
            5238.145730204082,
            5239.142085306123,
            5239.34135632653,
            5239.540627346939,
            5239.640262857143,
            5240.636617959183,
            5241.03516,
            5241.234431020408,
            5241.632973061224,
            5241.7326085714285,
            5241.931879591837,
            5242.330421632653,
            5242.828599183674,
            5243.22714122449,
            5243.426412244898,
            5243.924589795918,
            5244.522402857143,
            5244.821309387755,
            5244.920944897959,
            5245.120215918368,
            5245.41912244898,
            5245.618393469388,
            5245.7180289795915,
            5246.713699999999,
            5246.8111,
            5246.9085,
            5247.0059,
            5248.480244444444,
            5248.571651851851,
            5248.663059259259,
            5249.485725925926,
            5249.66854074074,
            5249.8513555555555,
            5249.942762962963,
            5250.3998,
            5250.49529867123,
            5250.59079734246,
            5250.78179468492,
            5250.8772933561495,
            5250.97279202738,
            5251.068290698609,
            5251.157719535792,
            5251.604863721705,
            5251.9888816696075,
            5252.283470780327,
            5252.3816671505665,
            5252.578059891045,
            5252.676256261285,
            5252.774452631525,
            5253.167238112484,
            5254.14920181488,
            5254.34559455536,
            5254.443790925599,
            5255.2293618875165,
            5255.622147368475,
            5256.0149328494335,
            5256.113129219673,
            5256.4077183303925,
            5256.881165115477,
            5257.060022789842,
            5257.149451627025,
            5257.428304650695,
            5257.5283,
            5257.728290698609,
            5257.817719535792,
            5258.354292558888,
            5258.452488929128,
            5258.648881669607,
            5258.747078039847,
            5259.238059891045,
            5259.336256261285,
            5259.434452631524,
            5259.532649001764,
            5259.630845372004,
            5259.925434482723,
            5260.023630852963,
            5260.220023593442,
            5260.514612704161,
            5261.0055945553595,
            5261.103790925599,
            5261.201987295839,
            5261.496576406557,
            5261.594772776797,
            5261.791165517277,
            5261.987558257756,
            5262.085754627996,
            5262.183950998236,
            5262.282147368475,
            5262.576736479194,
            5262.674932849433,
            5263.165914700632,
            5264.280795349305,
            5275.0811655172765,
            5275.670343738715,
            5276.063129219673,
            5276.161325589913,
            5276.554111070872,
            5277.010022789842,
            5277.76059632734,
            5277.85705373253,
            5278.53225556886,
            5283.055990698609,
            5309.703978488285,
            5311.374866666666,
            5311.651033333333,
            5320.787136278294,
            5322.349692558888,
            5325.393780036317,
            5326.179350998235,
            5342.071818272025,
            5342.271345514683,
            5342.470872757342,
            5378.48609867123,
            5378.77259468492,
            5405.942954650695,
            5406.328009136012,
            5406.424272757341,
            5431.622792558888,
            5437.626518272024,
            5437.811372757342,
            5442.95899202738,
            5452.99179455536,
            5475.042190698609,
            5488.332190698609,
            5693.6172,
            5790.5872,
            6512.25869069861,
            6653.6316455146825,
            6896.2310906986095
        ],