{"collimator": {"s": [5220.5916], "name": ["tcsm.51932"], "length": [1.83], "n": [339.0]}, "aperture": {"s": [5231.669422040816, 5250.97279202738, 5261.496576406557, 5256.4077183303925, 5276.063129219673, 5488.332190698609, 5247.0059, 6653.6316455146825, 4592.396490698609, 5258.648881669607, 5378.77259468492, 5693.6172, 5249.8513555555555, 5311.374866666666, 5257.817719535792, 5262.674932849433, 5326.179350998235, 5475.042190698609, 5248.571651851851, 798.9456, 5283.055990698609, 5251.9888816696075, 5277.010022789842, 1152.2258000000002, 3440.4791906986097, 5264.280795349305, 5257.728290698609, 6896.2310906986095, 5437.811372757342, 5325.393780036317, 6512.25869069861, 5406.424272757341, 5277.76059632734, 5342.470872757342, 768.710437037037, 5322.349692558888, 5257.060022789842, 5431.622792558888, 112.71809069860977, 5309.703978488285, 5254.14920181488, 5452.99179455536, 5442.95899202738, 5790.5872, 3632.46539069861, 1155.1712933561498, 5251.604863721705, 1950.8629, 5249.485725925926, 5320.787136278294], "name": ["loen.52002_aper_upstream", "mba.52030_den_aper_upstream", "mba.52050..3_aper_upstream", "mba.52030..4_aper_upstream", "mbb.52090..4_aper_upstream", "mba.52770_den_aper_upstream", "mdh.52007_aper_upstream", "lof.62802_aper_upstream", "mba.43570_den_aper_upstream", "mba.52050..2_aper_upstream", "mba.52430_den_aper_upstream", "qecd.53402..1_aper_upstream", "qf.52010..4_aper_upstream", "qf.52210..1_aper_upstream", "mba.52050..1_aper_upstream", "mba.52050..4_aper_upstream", "mba.52250..4_aper_upstream", "mbb.52730_den_aper_upstream", "qf.52010..2_aper_upstream", "lsd.12505_aper_upstream", "mbb.52130_den_aper_upstream", "mba.52030..2_aper_upstream", "mbb.52090_dex_aper_upstream", "qf.20010..1_aper_upstream", "mba.33570_den_aper_upstream", "mbb.52070_den_aper_upstream", "mba.52050_den_aper_upstream", "mba.63570_den_aper_upstream", "lof.52602_aper_upstream", "mba.52250..3_aper_upstream", "mba.62370_den_aper_upstream", "lsd.52505_aper_upstream", "mdv.52107_aper_upstream", "lsd.52305_aper_upstream", "qf.12410..2_aper_upstream", "mba.52250..1_aper_upstream", "mba.52030_dex_aper_upstream", "mba.52590..1_aper_upstream", "mba.10370_den_aper_upstream", "mdh.52207_aper_upstream", "mba.52030..3_aper_upstream", "mba.52650..3_aper_upstream", "mba.52630_den_aper_upstream", "lsd.60105_aper_upstream", "mba.40570_den_aper_upstream", "mba.20030_den_aper_upstream", "mba.52030..1_aper_upstream", "lsd.22505_aper_upstream", "qf.52010..3_aper_upstream", "mba.52230_dex_aper_upstream"], "n": [100.0, 7.0, 8.0, 8.0, 5.0, 8.0, 5.0, 1.0, 1.0, 13.0, 2.0, 1.0, 6.0, 2.0, 4.0, 11.0, 1.0, 1.0, 3.0, 3.0, 8.0, 8.0, 2.0, 1.0, 1.0, 1.0, 3.0, 1.0, 2.0, 1.0, 2.0, 3.0, 3.0, 3.0, 1.0, 1.0, 3.0, 1.0, 1.0, 1.0, 3.0, 1.0, 1.0, 1.0, 1.0, 1.0, 2.0, 1.0, 1.0, 1.0]}, "machine_length": 6911.5038, "interpolation": 0.1, "reversed": false}