{"collimator": {"s": [5220.5916], "name": ["tcsm.51932"], "length": [1.83], "n": [2548.0]}, "aperture": {"s": [5237.448281632653, 5262.183950998236, 5246.8111, 5360.34139069861, 5274.491987295839, 5409.4742259259265, 5261.398380036318, 798.8494792358136, 5257.238880464208, 5254.24739818512, 5252.676256261285, 5255.425754627996, 5324.5100127041605, 5249.028688888889, 5283.055990698609, 5316.573459891045, 5259.139863520806, 5263.9883093013905, 5488.332190698609, 1502.895, 5246.017157142857, 5249.66854074074, 5251.247148372975, 5311.28281111111, 5250.78179468492, 5808.309190698609, 5453.777365517277, 5320.108529219673, 5422.928021960152, 1136.6445906986098, 5275.964932849433, 5277.188880464208, 5371.162461887517, 5326.179350998235, 5452.599009074401, 6558.339858471628, 5257.817719535792, 5475.042190698609, 6640.249490698609, 5322.170834884522, 6527.8399, 5406.424272757341, 5257.628295349305, 5317.653619963682, 6000.29549069861, 6896.2310906986095, 5439.918, 5248.388837037037, 6512.25869069861, 5247.747688888889, 5342.371109136012, 5298.4465834294515, 5322.938870780326, 5451.9116344827235, 2288.5618906986097, 5314.96819202738, 5280.203722222222, 1150.2536, 5469.9015, 6832.23569069861, 5790.5872, 5373.261409301391, 6704.244890698609, 5432.3101671505665, 1950.8629, 6335.5713, 6173.8915, 5680.31839069861, 112.71809069860977, 5936.29999069861, 5345.661640740741, 766.2722, 5455.61679395266, 5826.74039468492, 6525.664416943255, 6589.084680464208, 5434.470487295839, 5278.43579816367, 5409.748448148149, 3486.7526, 5279.656666666666, 6583.361234884523, 5435.059665517277, 835.3852906986098, 1155.2667920273798, 1850.4002194895158, 5661.8877, 5501.8992, 944.6583906986098, 5693.427804650695, 6525.955228571428, 3120.50219069861, 5408.377337037037, 3056.50679069861, 5327.715422789842, 5264.37829069861, 5328.37369069861, 2304.1431000000002, 2416.5526906986097, 4400.410290698609, 5292.580509074401, 3632.46539069861, 5744.313790698609], "name": ["loen.52002_aper_upstream", "mba.52050..4_aper_upstream", "mdh.52007_aper_upstream", "mba.52370_den_aper_upstream", "mbb.52090..3_aper_upstream", "qd.52510..3_aper_upstream", "mba.52050..3_aper_upstream", "lsd.12505_aper_upstream", "mba.52030_dex_aper_upstream", "mba.52030..3_aper_upstream", "mba.52030..2_aper_upstream", "mba.52030..4_aper_upstream", "mba.52250..3_aper_upstream", "qf.52010..3_aper_upstream", "mbb.52130_den_aper_upstream", "mba.52230..2_aper_upstream", "mba.52050..2_aper_upstream", "mba.52050_dex_aper_upstream", "mba.52770_den_aper_upstream", "lsd.21105_aper_upstream", "lsf.52005_aper_upstream", "qf.52010..4_aper_upstream", "mba.52030..1_aper_upstream", "qf.52210..1_aper_upstream", "mba.52030_den_aper_upstream", "mba.60170_den_aper_upstream", "mba.52650..4_aper_upstream", "mba.52230..4_aper_upstream", "mbb.52550..4_aper_upstream", "mba.13570_den_aper_upstream", "mbb.52090..4_aper_upstream", "mbb.52090_dex_aper_upstream", "mba.52390..4_aper_upstream", "mba.52250..4_aper_upstream", "mba.52650..3_aper_upstream", "lsd.62505_aper_upstream", "mba.52050..1_aper_upstream", "mbb.52730_den_aper_upstream", "mba.62770_den_aper_upstream", "mba.52250..1_aper_upstream", "qf.62410..1_aper_upstream", "lsd.52505_aper_upstream", "mba.52050_den_aper_upstream", "mba.52230..3_aper_upstream", "mba.60770_den_aper_upstream", "mba.63570_den_aper_upstream", "qf.52610..1_aper_upstream", "qf.52010..2_aper_upstream", "mba.62370_den_aper_upstream", "qf.52010..1_aper_upstream", "lsd.52305_aper_upstream", "mdh.52207_aper_upstream", "mba.52250..2_aper_upstream", "mba.52650..2_aper_upstream", "mba.23570_den_aper_upstream", "mba.52230_den_aper_upstream", "qd.52110..2_aper_upstream", "loe.13602_aper_upstream", "lod.52702_aper_upstream", "mba.63370_den_aper_upstream", "lsd.60105_aper_upstream", "mba.52390_dex_aper_upstream", "mba.62970_den_aper_upstream", "mba.52590..2_aper_upstream", "lsd.22505_aper_upstream", "qfa.61810..1_aper_upstream", "mpsv.61303_aper_upstream", "mba.53370_den_aper_upstream", "mba.10370_den_aper_upstream", "mba.60570_den_aper_upstream", "qd.52310..4_aper_upstream", "lse.12402_aper_upstream", "mba.52650_dex_aper_upstream", "mba.60230_den_aper_upstream", "lse.62402_aper_upstream", "mba.62590_dex_aper_upstream", "mba.52590..3_aper_upstream", "mdv.52107_aper_upstream", "qd.52510..4_aper_upstream", "lsd.40105_aper_upstream", "qd.52110..1_aper_upstream", "mba.62590..1_aper_upstream", "mba.52590..4_aper_upstream", "mba.12630_den_aper_upstream", "mba.20030_den_aper_upstream", "mplh.22195_aper_upstream", "lod.53302_aper_upstream", "lof.52802_aper_upstream", "mba.12970_den_aper_upstream", "qecd.53402..1_aper_upstream", "lsf.62405_aper_upstream", "mba.32570_den_aper_upstream", "qd.52510..2_aper_upstream", "mba.32370_den_aper_upstream", "mba.52250_dex_aper_upstream", "mbb.52070_den_aper_upstream", "mbb.52270_den_aper_upstream", "qf.30010..1_aper_upstream", "mba.30370_den_aper_upstream", "mba.42970_den_aper_upstream", "mbb.52150..3_aper_upstream", "mba.40570_den_aper_upstream", "mba.53570_den_aper_upstream"], "n": [673.0, 48.0, 36.0, 3.0, 1.0, 3.0, 66.0, 23.0, 18.0, 69.0, 53.0, 60.0, 6.0, 21.0, 49.0, 1.0, 63.0, 14.0, 40.0, 1.0, 18.0, 20.0, 24.0, 10.0, 74.0, 5.0, 26.0, 3.0, 2.0, 3.0, 24.0, 6.0, 1.0, 7.0, 11.0, 2.0, 23.0, 6.0, 2.0, 1.0, 1.0, 10.0, 21.0, 4.0, 1.0, 2.0, 2.0, 7.0, 19.0, 5.0, 5.0, 4.0, 7.0, 1.0, 2.0, 1.0, 1.0, 2.0, 8.0, 2.0, 4.0, 1.0, 2.0, 3.0, 3.0, 4.0, 2.0, 1.0, 5.0, 1.0, 1.0, 2.0, 4.0, 1.0, 1.0, 1.0, 1.0, 3.0, 1.0, 1.0, 1.0, 1.0, 2.0, 1.0, 1.0, 1.0, 1.0, 1.0, 1.0, 1.0, 1.0, 1.0, 1.0, 1.0, 1.0, 1.0, 1.0, 1.0, 1.0, 1.0, 1.0, 1.0, 1.0]}, "machine_length": 6911.5038, "interpolation": 0.1, "reversed": false}