{"collimator": {"s": [5220.5916], "name": ["tcsm.51932"], "length": [1.83], "n": [33348.0]}, "aperture": {"s": [5254.14920181488, 5261.594772776797, 5232.167599591837, 5257.996577210158, 5342.1715818933535, 5278.91808518962, 5283.055990698609, 2288.5618906986097, 5252.283470780327, 5294.839025589913, 5248.114614814815, 5256.113129219673, 5406.424272757341, 5453.973758257756, 5274.786576406557, 5320.96599395266, 5790.5872, 5247.839744444444, 5246.8111, 5314.77719468492, 1950.8629, 5259.041667150566, 5311.28281111111, 798.464996179068, 5276.741736278294, 5488.332190698609, 5250.308392592593, 5250.78179468492, 5438.3467375, 5256.97059395266, 5263.067718330392, 5437.534091029366, 5369.984105444641, 5323.233459891045, 5324.70640544464, 5279.201944444444, 5475.042190698609, 5325.884761887516, 5367.6273925588885, 5296.653370057247, 5318.14460181488, 5378.77259468492, 5320.010332849433, 5249.302911111111, 5276.259521960153, 5315.787888929128, 5367.725588929128, 5693.522502325348, 5263.898880464208, 5251.157719535792, 5436.532611070872, 5327.804851627025, 1152.2258000000002, 5246.216871428572, 5552.327590698609, 1520.61699069861, 5808.309190698609, 5680.31839069861, 5346.118677777778, 765.8836338865087, 5321.902548372975, 6589.8211, 5408.925781481482, 5293.366080036318, 5257.428304650695, 6512.25869069861, 3248.49299069861, 1150.731242857143, 5616.32299069861, 5453.580972776797, 5725.8831, 5314.303792592593, 5321.423704650695, 5315.510834884522, 5409.839855555556, 5373.171980464208, 4400.410290698609, 5455.885080464208, 1150.2536, 5430.896795349305, 6704.244890698609, 6128.286290698609, 112.71809069860977, 2352.55729069861, 5696.6308592592595, 5376.65385925926, 5372.242621960153, 5273.117238112483, 6335.5713, 5469.81050132877, 5295.419436278295, 5313.206903703704, 5375.830544444444, 4784.38269069861, 5744.313790698609, 5281.209203703704, 1152.7742444444445, 1154.88479734246, 771.3898906986097, 6832.23569069861, 5434.372290925599, 1072.6491906986098, 5440.192222222222, 5408.65155925926, 3456.791659259259, 304.7042906986098, 6896.2310906986095, 5401.599019963683, 5436.809665115477, 5366.3331227898425, 6590.2640375, 5360.34139069861, 5432.899345372004, 816.6675906986097, 5373.552833886509, 5359.030818330392, 5264.280795349305, 5356.67410544464, 5440.832074074074, 5312.110014814814, 3056.50679069861, 5439.825944444444, 6621.7278013287705, 5291.303956261285, 768.1613444444444, 2307.08859335615, 3440.4791906986097, 768.3448074074073, 2224.56649069861, 5355.102963520806, 1136.6445906986098, 5424.33679069861, 5280.569351851851, 766.3687285714286, 6173.8915, 5442.95899202738, 1849.7004864373896, 5431.175648372975, 432.6950906986098, 832.2488, 1502.895, 5501.8992, 944.6583906986098, 3504.47459069861, 1984.0740444444446, 6591.743244444444, 5422.4370401089545, 176.71349069860977, 5693.8964, 5423.94680930139, 5290.232563721705, 6522.883369147037, 2096.57569069861, 769.807325925926, 6479.632722789842, 6523.865332849434, 5281.66624074074, 5347.05139069861, 5420.5713090744, 5344.290529629629, 4208.42409069861, 6016.242329629629, 5359.59369395266, 6558.435979235814, 5374.520571428572, 3120.50219069861, 31.0007, 5345.570233333334, 3102.7802, 5695.8996, 2480.54809069861, 4592.396490698609, 752.6721906986097, 6525.761558471627, 5635.040690698609, 2304.1431000000002, 6013.8625, 1472.2028, 5392.369090698609, 5266.6736308529635, 3632.46539069861, 4254.6995, 5270.733304650696, 2032.5802906986098, 830.2346, 3824.45169069861, 5367.00139069861, 4976.368990698609, 6877.8004, 5442.020370370371, 1472.9340592592594, 6594.49429734246, 3568.4699906986098, 1904.5894906986098, 2672.5342906986098, 5376.836674074074, 6000.29549069861, 5266.771827223203, 6192.281690698609, 2304.6915444444444, 6527.8399, 62.8047299001986, 4272.4194906986095, 4606.575364950099], "name": ["mba.52030..3_aper_upstream", "mba.52050..3_aper_upstream", "loen.52002_aper_upstream", "mba.52050..1_aper_upstream", "lsd.52305_aper_upstream", "mdv.52107_aper_upstream", "mbb.52130_den_aper_upstream", "mba.23570_den_aper_upstream", "mba.52030..2_aper_upstream", "mbb.52150..4_aper_upstream", "qf.52010..2_aper_upstream", "mba.52030..4_aper_upstream", "lsd.52505_aper_upstream", "mba.52650..4_aper_upstream", "mbb.52090..3_aper_upstream", "mba.52230_dex_aper_upstream", "lsd.60105_aper_upstream", "qf.52010..1_aper_upstream", "mdh.52007_aper_upstream", "mba.52230_den_aper_upstream", "lsd.22505_aper_upstream", "mba.52050..2_aper_upstream", "qf.52210..1_aper_upstream", "lsd.12505_aper_upstream", "mbb.52090_dex_aper_upstream", "mba.52770_den_aper_upstream", "qf.52010..4_aper_upstream", "mba.52030_den_aper_upstream", "lsf.52605_aper_upstream", "mba.52030_dex_aper_upstream", "mba.52050..4_aper_upstream", "lof.52602_aper_upstream", "mba.52390..3_aper_upstream", "mba.52250..2_aper_upstream", "mba.52250..3_aper_upstream", "qd.52110..1_aper_upstream", "mbb.52730_den_aper_upstream", "mba.52250..4_aper_upstream", "mba.52390..1_aper_upstream", "mdh.52207_aper_upstream", "mba.52230..3_aper_upstream", "mba.52430_den_aper_upstream", "mba.52230..4_aper_upstream", "qf.52010..3_aper_upstream", "mbb.52090..4_aper_upstream", "mba.52230..2_aper_upstream", "mba.52390..2_aper_upstream", "qecd.53402..1_aper_upstream", "mba.52050_dex_aper_upstream", "mba.52030..1_aper_upstream", "mba.52590..4_aper_upstream", "mba.52250_dex_aper_upstream", "qf.20010..1_aper_upstream", "lsf.52005_aper_upstream", "mba.52970_den_aper_upstream", "mba.21170_den_aper_upstream", "mba.60170_den_aper_upstream", "mba.53370_den_aper_upstream", "qd.52310..4_aper_upstream", "lse.12402_aper_upstream", "mba.52250..1_aper_upstream", "lof.62602_aper_upstream", "qd.52510..3_aper_upstream", "mbb.52150..3_aper_upstream", "mba.52050_den_aper_upstream", "mba.62370_den_aper_upstream", "mba.32970_den_aper_upstream", "lsf.13605_aper_upstream", "mba.53170_den_aper_upstream", "mba.52650..3_aper_upstream", "lod.53502_aper_upstream", "qf.52210..4_aper_upstream", "mba.52250_den_aper_upstream", "mba.52230..1_aper_upstream", "qd.52510..4_aper_upstream", "mba.52390_dex_aper_upstream", "mba.42970_den_aper_upstream", "mba.52650_dex_aper_upstream", "loe.13602_aper_upstream", "mba.52590_den_aper_upstream", "mba.62970_den_aper_upstream", "mba.61170_den_aper_upstream", "mba.10370_den_aper_upstream", "mba.30170_den_aper_upstream", "qf.53410..2_aper_upstream", "qf.52410..2_aper_upstream", "mba.52390..4_aper_upstream", "mbb.52090..2_aper_upstream", "qfa.61810..1_aper_upstream", "lod.52702_aper_upstream", "mbb.52150_dex_aper_upstream", "qf.52210..3_aper_upstream", "qf.52410..1_aper_upstream", "mba.50570_den_aper_upstream", "mba.53570_den_aper_upstream", "qd.52110..3_aper_upstream", "qf.20010..2_aper_upstream", "mba.20030_den_aper_upstream", "mba.12430_den_aper_upstream", "mba.63370_den_aper_upstream", "mba.52590..3_aper_upstream", "mba.13370_den_aper_upstream", "qf.52610..2_aper_upstream", "qd.52510..2_aper_upstream", "qf.40010..2_aper_upstream", "mba.10970_den_aper_upstream", "mba.63570_den_aper_upstream", "mbb.52490..3_aper_upstream", "mba.52590_dex_aper_upstream", "mba.52370_dex_aper_upstream", "lsf.62605_aper_upstream", "mba.52370_den_aper_upstream", "mba.52590..2_aper_upstream", "mba.12570_den_aper_upstream", "lse.52402_aper_upstream", "mbb.52350..4_aper_upstream", "mbb.52070_den_aper_upstream", "mbb.52350..3_aper_upstream", "qf.52610..3_aper_upstream", "qf.52210..2_aper_upstream", "mba.32370_den_aper_upstream", "qf.52610..1_aper_upstream", "lod.62702_aper_upstream", "mbb.52150..2_aper_upstream", "qf.12410..1_aper_upstream", "mba.30030_den_aper_upstream", "mba.33570_den_aper_upstream", "qf.12410..2_aper_upstream", "mba.23370_den_aper_upstream", "mbb.52350..2_aper_upstream", "mba.13570_den_aper_upstream", "mba.52570_den_aper_upstream", "qd.52110..2_aper_upstream", "lsf.12405_aper_upstream", "mpsv.61303_aper_upstream", "mba.52630_den_aper_upstream", "mplh.22195_aper_upstream", "mba.52590..1_aper_upstream", "mba.11370_den_aper_upstream", "qf.12610..1_aper_upstream", "lsd.21105_aper_upstream", 