{"collimator": {"s": [5220.591600000126], "name": ["tcsm.51932"], "length": [1.83], "n": [5825.0]}, "aperture": {"s": [5250.888295349432, 5259.665915504358, 5224.904159336225, 802.9419055555583, 5254.5957614987165, 5283.055990698735, 5475.042190698727, 6335.19220000008, 5249.165800000126, 5327.888860534805, 5250.341038095365, 5455.4054167012555, 5488.332190698725, 5258.3922320656975, 5322.577329599113, 5406.311992441902, 6128.28629069869, 4608.134398412847, 5248.186434920761, 5323.860046253651, 5251.163139465446, 5435.51791524518, 5257.04376300139, 5250.622605555682, 5319.6841806198345, 5314.793697674777, 2304.9853539682586, 5263.988309301516, 5275.738145994481, 5249.753419047745, 5342.262618217021, 5246.9196333334585, 5369.733938501532, 5276.80406546797, 798.7356000000028, 5439.780888889007, 5248.48024444457, 5250.047228571555, 5311.272033333456, 5437.256809301508, 5616.32299069872, 5360.3413906987325, 5277.857053732654, 5257.728290698736, 5320.849465467971, 4254.489500000165, 112.71809069860974, 5454.931172867711, 5442.964493024077, 4592.396490698759, 5790.3772000001, 5309.604355523287, 5437.551300000117, 5245.9627545455805, 5695.591100000106, 5372.502619167842, 5247.4499666667925, 6512.258690698688, 5808.309190698709, 5248.969926984253, 5312.181834920759, 5379.059090698732, 6877.461900000059, 5409.350173015993, 5680.318390698717, 5469.563000000116, 829.8821000000028, 5409.839855555676, 5246.757300000126, 1149.8835999999992, 1151.9172999999994, 5376.07929841282, 2334.625300000007, 765.212814234558, 4.357999999999907, 2672.5342906986507, 5410.525411111232, 6896.231090698669, 1981.79939999998, 5321.42370465082, 6832.235690698672, 1150.0724545454539, 5440.4664444445625, 5501.546700000114, 5725.544600000104, 5377.450409523932, 5408.468744444564, 6704.244890698677, 5271.207988232151, 5314.336438095363, 6589.37043643387, 5294.515211369129, 6591.894061904835, 5314.61800555568, 6524.609616701215, 6173.891500000078, 5744.313790698713, 1155.272293023956, 802.8562111111138, 5313.84675555568, 830.9433000000029, 2288.5618906986124, 5423.188019167839, 5281.457309523934, 5247.794688889015, 5264.085804650821, 5315.632783298987, 3056.5067906986847, 5337.746238501532, 4258.693805555722, 304.7042906986104, 1502.6849999999909, 802.2685920634947, 5440.760253968372, 6558.322100000075, 3568.469990698737, 1950.652899999981, 5693.470152325453, 5365.06124599448, 2096.575690698593, 6594.971790698684, 5346.3341380953625, 5440.074698412816, 5282.436674603299, 816.6675906986125, 766.5676454545483, 5376.8627904763125, 1117.8754000000001, 2654.6023000000387, 432.6950906986115, 3440.4791906987234, 4976.368990698738, 762.6609307492976, 1152.0029944444439, 2307.279590698615, 5422.406645994476, 5936.2999906987025, 5439.609500000118, 4272.419490698775, 5872.304590698705, 5269.296876743777, 2480.5480906986318, 5373.571400000121, 6621.480300000071, 5424.336790698729, 6521.651238501488, 5404.984563001383, 5823.581900000098, 5409.44810952393, 3486.542600000118, 2224.566490698606, 6653.464000000069, 1982.2817636363438, 1136.644590698609, 752.6721906986126, 5313.259136508061, 831.9403000000027, 5408.174934920755, 768.4100984127011, 767.9449000000027, 3248.4929906987036, 765.8247023253505, 5406.713999074193], "name": ["mba.52030_entry_aper_upstream", "mba.52050..1_aper_upstream", "loen.52002_entry_aper_upstream", "qd.12510_exit_aper_downstream", "mba.52030..1_aper_upstream", "mbb.52130_entry_aper_upstream", "mbb.52730_entry_aper_upstream", "qfa.61810_aper_upstream", "qf.52010..4_aper_upstream", "mba.52250..exit_map_aper_upstream", "qf.52010..7_aper_upstream", "mba.52650..exit_map_aper_upstream", "mba.52770_entry_aper_upstream", "mba.52050..0_aper_upstream", "mba.52250..0_aper_upstream", "lsd.52505_entry_aper_upstream", "mba.61170_entry_aper_upstream", "qf.50010..1_aper_upstream", "qf.52010..1_aper_upstream", "mba.52250..1_aper_upstream", "mba.52030..0_aper_upstream", "mba.52590..1_aper_upstream", "mba.52030..exit_map_aper_upstream", "qf.52010_exit_aper_downstream", "mba.52230..1_aper_upstream", "mba.52230_entry_aper_upstream", "qf.30010..3_aper_upstream", "mba.52050..exit_map_aper_upstream", "mbb.52090..1_aper_upstream", "qf.52010..5_aper_upstream", "lsd.52305_entry_aper_upstream", "mdh.52007_aper_upstream", "mba.52390..1_aper_upstream", "mbb.52090..exit_map_aper_upstream", "lsd.12505_entry_aper_upstream", "qf.52610..0_aper_upstream", "qf.52010..2_aper_upstream", "qf.52010..6_aper_upstream", "qf.52210_entry_aper_upstream", "mba.52590..exit_map_aper_upstream", "mba.53170_entry_aper_upstream", "mba.52370_entry_aper_upstream", "mdv.52107_aper_upstream", "mba.52050..entry_map_aper_upstream", "mba.52230..exit_map_aper_upstream", "lsd.42505_entry_aper_upstream", "mba.10370_entry_aper_upstream", "mba.52650..1_aper_upstream", "mba.52630_entry_aper_upstream", "mba.43570_entry_aper_upstream", "lsd.60105_entry_aper_upstream", "mdh.52207_aper_upstream", "lof.52602_entry_aper_upstream", "lsf.52005..0_aper_upstream", "qf.53410_entry_aper_upstream", "mba.52390..exit_map_aper_upstream", "qf.52010_entry_aper_upstream", "mba.62370_entry_aper_upstream", "mba.60170_entry_aper_upstream", "qf.52010..3_aper_upstream", "qf.52210..1_aper_upstream", "mba.52430_entry_aper_upstream", "lod.63502_entry_aper_upstream", "qd.52510..4_aper_upstream", "mba.53370_entry_aper_upstream", "lod.52702_entry_aper_upstream", "lof.12602_entry_aper_upstream", "qd.52510..6_aper_upstream", "lsf.52005_exit_aper_downstream", "loe.13602_entry_aper_upstream", "qf.20010_entry_aper_upstream", "qf.52410..1_aper_upstream", "lsd.30105_entry_aper_upstream", "mba.12390..exit_map_aper_upstream", "qecd.53402_aper_downstream", "mba.31170_entry_aper_upstream", "qd.52510..7_aper_upstream", "mba.63570_entry_aper_upstream", "lof.22602_entry_aper_upstream", "mba.52250..entry_map_aper_upstream", "mba.63370_entry_aper_upstream", "lsf.13605..0_aper_upstream", "qf.52610..2_aper_upstream", "lof.52802_entry_aper_upstream", "lod.53502_entry_aper_upstream", "qf.52410..5_aper_upstream", "qd.52510..2_aper_upstream", "mba.62970_entry_aper_upstream", "mbb.52090..0_aper_upstream", "qf.52210..7_aper_upstream", "lof.62602_entry_aper_upstream", "mbb.52150..1_aper_upstream", "qf.62610..1_aper_upstream", "qf.52210_exit_aper_downstream", "mba.62390..exit_map_aper_upstream", "mpsv.61303_aper_upstream", "mba.53570_entry_aper_upstream", "mba.20030_entry_aper_upstream", "qd.12510..7_aper_upstream", "qf.52210..6_aper_upstream", "lsf.12605..0_aper_upstream", "mba.23570_entry_aper_upstream", "mbb.52550..exit_map_aper_upstream", "qd.52110..5_aper_upstream", "qf.52010..0_aper_upstream", "mbb.52070_entry_aper_upstream", "mba.52230..0_aper_upstream", "mba.32370_entry_aper_upstream", "mbb.52290..1_aper_upstream", "qd.42510_exit_aper_downstream", "mba.10970_entry_aper_upstream", "lsd.21105_entry_aper_upstream", "qd.12510..6_aper_upstream", "qf.52610..3_aper_upstream", "lsd.62505_entry_aper_upstream", "mba.40370_entry_aper_upstream", "lsd.22505_entry_aper_upstream", "qecd.53402_aper_upstream", "mba.52370..1_aper_upstream", "mba.22970_entry_aper_upstream", "mba.62630_entry_aper_upstream", "qd.52310..7_aper_upstream", "qf.52610..1_aper_upstream", "qd.52110..7_aper_upstream", "mba.12570_entry_aper_upstream", "lsf.12405..0_aper_upstream", "qf.52410..3_aper_upstream", "lod.13502_entry_aper_upstream", "lsd.31105_entry_aper_upstream", "mba.11370_entry_aper_upstream", "mba.33570_entry_aper_upstream", "mba.51170_entry_aper_upstream", "mba.12390..1_aper_upstream", "qf.20010..0_aper_upstream", "mba.30030_entry_aper_upstream", "mbb.52550..1_aper_upstream", "mba.60570_entry_aper_upstream", "qf.52610_entry_aper_upstream", "mba.42570_entry_aper_upstream", "mba.60370_entry_aper_upstream", "mbb.52070..1_aper_upstream", "mba.30570_entry_aper_upstream", "lse.52402_entry_aper_upstream", "lod.62702_entry_aper_upstream", "mba.52570_entry_aper_upstream", "mba.62390..1_aper_upstream", "mbb.52490..exit_map_aper_upstream", "qf.60210_entry_aper_upstream", "qd.52510..5_aper_upstream", 