{
    "collimator": {
        "s": [
            5207.433900000123
        ],
        "name": [
            "tidvg.51872..4_W"
        ],
        "length": [
            0.3
        ],
        "n": [
            26.0
        ]
    },
    "aperture": {
        "s": [
            48.722690698609775,
            176.71349069860983,
            240.70889069861,
            368.6996906986109,
            752.6721906986127,
            880.6629906986127,
            1008.6537906986131,
            1072.6491906986116,
            1200.6399906986087,
            1264.6353906986074,
            1392.6261906986047,
            1584.612390698601,
            1904.5894906985957,
            2096.575690698599,
            2224.5664906986117,
            2288.561890698618,
            2416.5526906986306,
            2608.5388906986495,
            2736.5297906986625,
            2800.5251906986687,
            3120.502190698689,
            3248.492990698702,
            3312.4883906987084,
            3440.4791906987216,
            3632.465390698741,
            3760.4561906987537,
            3824.45169069876,
            3952.4424906987724,
            4272.419490698774,
            4336.41489069877,
            4464.405690698766,
            4528.401090698762,
            4656.391890698756,
            4784.382690698749,
            4848.378090698746,
            4976.368990698738,
            5214.930638271729,
            5215.625600000124,
            5216.286671428696,
            5217.3639730159975,
            5218.901100000125,
            5220.991435094465,
            5221.591383018993,
            5222.2913222642765,
            5222.391313585031,
            5222.691287547295,
            5223.591209434087,
            5224.291148679371,
            5225.691027169936,
            5225.791018490691,
            5226.6909403774835,
            5226.890923018993,
            5227.1908969812575,
            5227.290888302012,
            5227.990827547295,
            5228.790758113333,
            5229.590688679371,
            5230.190636603898,
            5230.590601886917,
            5230.890575849182,
            5231.69050641522,
            5233.290367547295,
            5234.6902460378615,
            5235.890141886917,
            5238.189942264276,
            5240.489742641635,
            5241.489655849182,
            5242.1895950944645,
            5244.389404151068,
            5244.589386792578,
            5245.189334717106,
            5245.389317358616,
            5245.6713000001255,
            5247.011466666792,
            5247.708994444571,
            5248.871990476317,
            5249.06786349219,
            5249.361673015999,
            5249.753419047745,
            5250.341038095365,
            5250.798297674779,
            5250.978293024084,
            5251.3528369988635,
            5252.409723256475,
            5253.204646253654,
            5255.490049870542,
            5257.328309301517,
            5258.20253453228,
            5262.646876743777,
            5360.3413906987325,
            5391.125470401133,
            5391.220319167842,
            5391.31516793455,
            5391.410016701259,
            5391.504865467968,
            5391.599714234677,
            5391.694563001385,
            5391.789411768094,
            5391.884260534803,
            5391.979109301512,
            5424.336790698729,
            5454.533711369122,
            5455.215719167838,
            5552.327590698723,
            5616.322990698721,
            5744.313790698713,
            5872.304590698706,
            5936.299990698703,
            6064.290890698697,
            6128.286290698691,
            6256.277090698685,
            6576.254090698675,
            6640.249490698671,
            6768.240290698666,
            6896.2310906986595
        ],
        "name": [
            "mba.10170_entry_aper_upstream",
            "mba.10570_entry_aper_upstream",
            "mba.10770_entry_aper_upstream",
            "mba.11170_entry_aper_upstream",
            "mba.12370_entry_aper_upstream",
            "mba.12770_entry_aper_upstream",
            "mba.13170_entry_aper_upstream",
            "mba.13370_entry_aper_upstream",
            "mba.20170_entry_aper_upstream",
            "mba.20370_entry_aper_upstream",
            "mba.20770_entry_aper_upstream",
            "mba.21370_entry_aper_upstream",
            "mba.22370_entry_aper_upstream",
            "mba.22970_entry_aper_upstream",
            "mba.23370_entry_aper_upstream",
            "mba.23570_entry_aper_upstream",
            "mba.30370_entry_aper_upstream",
            "mba.30970_entry_aper_upstream",
            "mba.31370_entry_aper_upstream",
            "mba.31570_entry_aper_upstream",
            "mba.32570_entry_aper_upstream",
            "mba.32970_entry_aper_upstream",
            "mba.33170_entry_aper_upstream",
            "mba.33570_entry_aper_upstream",
            "mba.40570_entry_aper_upstream",
            "mba.40970_entry_aper_upstream",
            "mba.41170_entry_aper_upstream",
            "mba.41570_entry_aper_upstream",
            "mba.42570_entry_aper_upstream",
            "mba.42770_entry_aper_upstream",
            "mba.43170_entry_aper_upstream",
            "mba.43370_entry_aper_upstream",
            "mba.50170_entry_aper_upstream",
            "mba.50570_entry_aper_upstream",
            "mba.50770_entry_aper_upstream",
            "mba.51170_entry_aper_upstream",
            "qd.51910_entry_aper_upstream",
            "qd.51910_entry_aper_upstream",
            "qd.51910..2_aper_upstream",
            "qd.51910..4_aper_upstream",
            "mdv.51920_aper_upstream",
            "loen.52002_entry_aper_upstream",
            "loen.52002_entry_aper_upstream",
            "loen.52002_entry_aper_upstream",
            "loen.52002_entry_aper_upstream",
            "loen.52002_entry_aper_upstream",
            "loen.52002_entry_aper_upstream",
            "loen.52002_entry_aper_upstream",
            "loen.52002_entry_aper_upstream",
            "loen.52002_entry_aper_upstream",
            "loen.52002_entry_aper_upstream",
            "loen.52002_entry_aper_upstream",
            "loen.52002_entry_aper_upstream",
            "loen.52002_entry_aper_upstream",
            "loen.52002_entry_aper_upstream",
            "loen.52002_entry_aper_upstream",
            "loen.52002_entry_aper_upstream",
            "loen.52002_entry_aper_upstream",
            "loen.52002_entry_aper_upstream",
            "loen.52002_entry_aper_upstream",
            "loen.52002_entry_aper_upstream",
            "loen.52002_entry_aper_upstream",
            "loen.52002_entry_aper_upstream",
            "loen.52002_entry_aper_upstream",
            "loen.52002_entry_aper_upstream",
            "loen.52002_entry_aper_upstream",
            "loen.52002_entry_aper_upstream",
            "loen.52002_entry_aper_upstream",
            "loen.52002_entry_aper_upstream",
            "loen.52002_entry_aper_upstream",
            "loen.52002_entry_aper_upstream",
            "loen.52002_entry_aper_upstream",
            "loen.52002..0_aper_upstream",
            "mdh.52007_aper_upstream",
            "qf.52010..0_aper_upstream",
            "qf.52010..3_aper_upstream",
            "qf.52010..4_aper_upstream",
            "qf.52010..4_aper_upstream",
            "qf.52010..5_aper_upstream",
            "qf.52010..7_aper_upstream",
            "mba.52030_entry_aper_upstream",
            "mba.52030_entry_aper_upstream",
            "mba.52030..0_aper_upstream",
            "mba.52030..1_aper_upstream",
            "mba.52030..1_aper_upstream",
            "mba.52030..1_aper_upstream",
            "mba.52030..exit_map_aper_upstream",
            "mba.52050..0_aper_upstream",
            "mba.52050..1_aper_upstream",
            "mba.52370_entry_aper_upstream",
            "mba.52450..exit_map_aper_upstream",
            "mba.52450..exit_map_aper_upstream",
