{"ax": [0.0, 0.0, 0.0, 0.0, 0.0, 0.0, 0.0, 0.0, 0.0, 0.0], "ay": [0.0, 0.0, 0.0, 0.0, 0.0, 0.0, 0.0, 0.0, 0.0, 0.0], "px": [0.0006296011581345008, 0.0006104258128892392, 0.0006484197003228646, 0.0006251978986199951, 0.0006302415363288193, 0.0006185925534548177, 0.0007979265681156366, 0.0006857659111368087, 0.0006373293518080159, 0.00062167444987918], "_rng_s1": [3044802101, 2325539568, 1889621766, 1109794321, 3652174568, 3939848872, 1867465725, 628000075, 1827524381, 220033337], "at_turn": [2908, 2851, 2792, 2602, 2588, 2562, 2263, 2067, 1930, 1857], "_rng_s2": [678349140, 2663538447, 4194089944, 2086163276, 3030612947, 1678612543, 1188866514, 413533267, 3918366298, 2656815535], "s": [799.5901999999776, 799.5901999999776, 799.5901999999776, 799.5901999999776, 799.5901999999776, 799.5901999999776, 6111.208899999294, 799.5901999999776, 799.5901999999776, 799.5901999999776], "pdg_id": [2212, 2212, 2212, 2212, 2212, 2212, 2212, 2212, 2212, 2212], "particle_id": [6, 2, 7, 1, 4, 9, 0, 5, 3, 8], "at_element": [8392, 8392, 8392, 8392, 8392, 8392, 66877, 8392, 8392, 8392], "x": [-0.03810708844305243, -0.038004873897470065, -0.03775275555513762, -0.037058949778416096, -0.03837952292704535, -0.03804936265416755, -0.03764615024800514, -0.03846155291260023, -0.03669204691758381, -0.038239407654783016], "py": [3.721783277429285e-05, 0.0001373332501391485, -7.126231286393384e-05, -0.00018479897259269043, 0.0001228330707493739, -7.138869347358352e-05, -0.00011167866336894388, -0.00012760835736229438, -0.000201281781685171, -5.460578055205403e-05], "chi": [1.0, 1.0, 1.0, 1.0, 1.0, 1.0, 1.0, 1.0, 1.0, 1.0], "y": [0.0034501828368408934, 0.007576913449929322, -0.004482478908072825, -0.008527311876933133, 0.0041184004450486806, -0.0016034371546674372, -0.005587306029020545, -0.004977115836110675, -0.010767550179343112, -0.0012445920546070308], "charge_ratio": [1.0, 1.0, 1.0, 1.0, 1.0, 1.0, 1.0, 1.0, 1.0, 1.0], "t_sim": 2.306939477798413e-05, "q0": 1.0, "anomalous_magnetic_moment": [0.0, 0.0, 0.0, 0.0, 0.0, 0.0, 0.0, 0.0, 0.0, 0.0], "zeta": [-0.03146928452014014, 0.04283013548534059, 0.07643288809844943, 0.07654767667054671, 0.03556581116765345, 0.09981076198072308, -0.049820957309332656, -0.024383136417379516, 0.08876482553160518, -0.07531357689221382], "_rng_s3": [3407554089, 1240988224, 27846032, 2839060222, 3795675743, 1569336699, 224264502, 4046629799, 1392228028, 1994781388], "spin_y": [0.0, 0.0, 0.0, 0.0, 0.0, 0.0, 0.0, 0.0, 0.0, 0.0], "weight": [1.0, 1.0, 1.0, 1.0, 1.0, 1.0, 1.0, 1.0, 1.0, 1.0], "_rng_s4": [2656806128, 509767396, 2454552607, 778578050, 11718396, 3438920971, 3368788839, 2881408926, 3252464787, 3870300446], "parent_particle_id": [6, 2, 7, 1, 4, 9, 0, 5, 3, 8], "state": [0, 0, 0, 0, 0, 0, 0, 0, 0, 0], "mass0": 938272088.16, "spin_z": [0.0, 0.0, 0.0, 0.0, 0.0, 0.0, 0.0, 0.0, 0.0, 0.0], "spin_x": [0.0, 0.0, 0.0, 0.0, 0.0, 0.0, 0.0, 0.0, 0.0, 0.0], "start_tracking_at_element": -1, "delta": [-0.0078993440659747, -0.007795883415873228, -0.007471092212653185, -0.007427776700462574, -0.007878926799183117, -0.008033656771247344, -0.00767579101590854, -0.007211279478109511, -0.007446237699518132, -0.00742770751968258], "ptau": [-0.007894132563575448, -0.007790740706232261, -0.0074661653691577585, -0.007422878635112405, -0.007873728873709402, -0.008028355940644554, -0.0076707281397899825, -0.007206525212505375, -0.007441327369277299, -0.007422809500293098], "rvv": [0.9999895390068166, 0.9999896776330479, 0.9999901125373549, 0.9999901705057906, 0.9999895663672058, 0.9999893589774996, 0.9999898384897492, 0.999990460126878, 0.9999901458006668, 0.9999901705983681], "rpp": [1.0079622405435644, 1.0078571367378641, 1.007527329586106, 1.0074833614381944, 1.007941497274888, 1.0080987191007897, 1.007735164522255, 1.007263659758663, 1.007502100120259, 1.0074832912181355], "p0c": [25920000000.0, 25920000000.0, 25920000000.0, 25920000000.0, 25920000000.0, 25920000000.0, 25920000000.0, 25920000000.0, 25920000000.0, 25920000000.0], "beta0": [0.9993454677474586, 0.9993454677474586, 0.9993454677474586, 0.9993454677474586, 0.9993454677474586, 0.9993454677474586, 0.9993454677474586, 0.9993454677474586, 0.9993454677474586, 0.9993454677474586], "gamma0": [27.643342389704696, 27.643342389704696, 27.643342389704696, 27.643342389704696, 27.643342389704696, 27.643342389704696, 27.643342389704696, 27.643342389704696, 27.643342389704696, 27.643342389704696]}