{"collimator": {"s": [5220.591600000126], "name": ["tcsm.51932"], "length": [1.83], "n": [4323.0]}, "aperture": {"s": [5224.104733610085, 5226.103297925437, 5259.367819380416, 5325.052430749419, 5251.163139465446, 5258.012836998862, 5256.086242118426, 5276.898914234679, 5283.055990698735, 5251.068290698737, 5790.282559108549, 5247.103300000125, 5256.759216701264, 5488.332190698725, 5378.9690930240795, 1149.8835999999992, 5277.857053732654, 5249.851355555682, 5250.438974603301, 5455.02602163442, 5263.514065467972, 6526.6754000000765, 5275.738145994481, 5436.877414234673, 5406.217184883684, 5246.336209091034, 6530.886393024035, 765.8247023253505, 6512.258690698688, 5342.0648364339195, 762.2634692507082, 5247.708994444571, 5249.459609523936, 5249.06786349219, 5436.114107493064, 5311.618700000124, 2334.625300000007, 1136.644590698609, 5452.1489423775865, 6527.531400000077, 5250.622605555682, 5321.523700000124, 5371.7212459944785, 5257.728290698736, 5808.309190698709, 5311.985961904886, 5299.2435671505555, 5247.623300000126, 6896.231090698669, 5248.871990476317, 798.5463182169012, 6704.244890698677, 5439.522833333451, 5248.578180952507, 5440.172634920753, 5423.567414234674, 5246.757300000126, 6335.19220000008, 5311.704394444569, 1850.9000288124462, 5355.032823256472, 1981.79939999998, 5319.584815245187, 5469.563000000116, 5327.699163001387, 2096.575690698593, 5443.054490698729, 5322.292783298986, 5981.52630000009, 5264.28079534943, 5372.7871654679675, 432.6950906986115, 5248.186434920761, 6523.141719121198, 6588.605016701211, 5282.706000000125, 5693.547400000105, 6832.235690698672, 5475.042190698727, 6584.8517155043055, 5329.322178365821, 6479.616463001343, 1155.272293023956, 5314.973693024082, 5823.667594444543, 5410.611105555676, 5437.551300000117, 4031.3576000001685, 5936.2999906987025, 6621.480300000071, 5410.525411111232, 112.71809069860974, 4208.424090698779, 414.76310000000154, 5320.564919167845, 802.9419055555583, 5421.90981912124, 3824.451690698763, 5360.3413906987325, 6000.2954906987, 829.8821000000028, 5635.040690698719, 1472.3594984126898, 5295.57661423468, 5437.937190909209, 6653.464000000069, 6558.322100000075, 1150.827872727272, 4.357999999999907, 2288.5618906986124, 6528.878026984205, 6592.187871428645, 6173.891500000078, 6655.5222000000695, 1502.6849999999909, 5280.575880952505, 769.9770825396853, 4254.489500000165, 5409.350173015993], "name": ["loen.52002_entry_aper_upstream", "loen.52002_entry_aper_upstream", "mba.52050..1_aper_upstream", "mba.52250..1_aper_upstream", "mba.52030..0_aper_upstream", "mba.52050..0_aper_upstream", "mba.52030..1_aper_upstream", "mbb.52090..exit_map_aper_upstream", "mbb.52130_entry_aper_upstream", "mba.52030_entry_aper_upstream", "lsd.60105_entry_aper_upstream", "mdh.52007_aper_upstream", "mba.52030..exit_map_aper_upstream", "mba.52770_entry_aper_upstream", "mba.52430_entry_aper_upstream", "loe.13602_entry_aper_upstream", "mdv.52107_aper_upstream", "qf.52010..6_aper_upstream", "qf.52010..7_aper_upstream", "mba.52650..exit_map_aper_upstream", "mba.52050..exit_map_aper_upstream", "lsf.62405_exit_aper_downstream", "mbb.52090..1_aper_upstream", "mba.52590..exit_map_aper_upstream", "lsd.52505_entry_aper_upstream", "lsf.52005..0_aper_upstream", "mba.62430_entry_aper_upstream", "lse.12402_entry_aper_upstream", "mba.62370_entry_aper_upstream", "lsd.52305_entry_aper_upstream", "mba.12390..1_aper_upstream", "qf.52010..0_aper_upstream", "qf.52010..5_aper_upstream", "qf.52010..4_aper_upstream", "mba.52590..1_aper_upstream", "qf.52210_entry_aper_upstream", "lsd.30105_entry_aper_upstream", "mba.13570_entry_aper_upstream", "mba.52650..1_aper_upstream", "qf.62410_entry_aper_upstream", "qf.52010_exit_aper_downstream", "mba.52250..entry_map_aper_upstream", "mba.52390..1_aper_upstream", "mba.52050..entry_map_aper_upstream", "mba.60170_entry_aper_upstream", "qf.52210..1_aper_upstream", "mdh.52207_aper_upstream", "qf.52010_entry_aper_upstream", "mba.63570_entry_aper_upstream", "qf.52010..3_aper_upstream", "lsd.12505_entry_aper_upstream", "mba.62970_entry_aper_upstream", "qf.52610_entry_aper_upstream", "qf.52010..2_aper_upstream", "qf.52610..1_aper_upstream", "mbb.52550..exit_map_aper_upstream", "lsf.52005_exit_aper_downstream", "qfa.61810_aper_upstream", "qf.52210..0_aper_upstream", "mplh.22195_aper_upstream", "mbb.52350..1_aper_upstream", "lof.22602_entry_aper_upstream", "mba.52230..1_aper_upstream", "lod.52702_entry_aper_upstream", "mba.52250..exit_map_aper_upstream", "mba.22970_entry_aper_upstream", "mba.52630_entry_aper_upstream", "mba.52250..0_aper_upstream", "lod.60702_entry_aper_upstream", "mbb.52070_entry_aper_upstream", "mba.52390..exit_map_aper_upstream", "mba.11370_entry_aper_upstream", "qf.52010..1_aper_upstream", "mba.62390..1_aper_upstream", "mba.62590..exit_map_aper_upstream", "qd.52110_exit_aper_downstream", "qecd.53402_aper_upstream", "mba.63370_entry_aper_upstream", "mbb.52730_entry_aper_upstream", "mba.62590..1_aper_upstream", "mbb.52270..0_aper_upstream", "mba.62250..exit_map_aper_upstream", "mba.20030_entry_aper_upstream", "mba.52230_entry_aper_upstream", "qf.60210..0_aper_upstream", "qd.52510_exit_aper_downstream", "lof.52602_entry_aper_upstream", "qfa.41810_aper_upstream", "mba.60570_entry_aper_upstream", "lod.62702_entry_aper_upstream", "qd.52510..7_aper_upstream", "mba.10370_entry_aper_upstream", "mba.42370_entry_aper_upstream", "lsd.11305_entry_aper_upstream", "mba.52230..exit_map_aper_upstream", "qd.12510_exit_aper_downstream", "mbb.52550..1_aper_upstream", "mba.41170_entry_aper_upstream", "mba.52370_entry_aper_upstream", "mba.60770_entry_aper_upstream", "lof.12602_entry_aper_upstream", "mba.53230_entry_aper_upstream", "qf.21010..1_aper_upstream", "mbb.52150..exit_map_aper_upstream", "lsf.52605..0_aper_upstream", "lof.62802_entry_aper_upstream", "lsd.62505_entry_aper_upstream", "lsf.13605..0_aper_upstream", "qecd.53402_aper_downstream", "mba.23570_entry_aper_upstream", "qf.62410..3_aper_upstream", "qf.62610..2_aper_upstream", "mpsv.61303_aper_upstream", "qf.62810_entry_aper_upstream", "lsd.21105_entry_aper_upstream", "qd.52110..2_aper_upstream", "qf.12410..5_aper_upstream", "lsd.42505_entry_aper_upstream", "qd.52510..4_aper_upstream"], "n": [1256.0, 1.0, 248.0, 35.0, 72.0, 79.0, 260.0, 21.0, 92.0, 96.0, 7.0, 50.0, 72.0, 73.0, 4.0, 1.0, 22.0, 26.0, 22.0, 32.0, 60.0, 1.0, 30.0, 6.0, 31.0, 37.0, 2.0, 2.0, 17.0, 18.0, 2.0, 2.0, 14.0, 16.0, 10.0, 20.0, 3.0, 3.0, 32.0, 1.0, 8.0, 3.0, 3.0, 28.0, 6.0, 2.0, 3.0, 8.0, 1.0, 14.0, 27.0, 1.0, 4.0, 9.0, 1.0, 2.0, 8.0, 3.0, 1.0, 2.0, 2.0, 2.0, 7.0, 8.0, 9.0, 2.0, 6.0, 6.0, 1.0, 4.0, 3.0, 1.0, 5.0, 2.0, 1.0, 2.0, 2.0, 4.0, 11.0, 1.0, 1.0, 1.0, 2.0, 2.0, 1.0, 1.0, 3.0, 1.0, 1.0, 1.0, 2.0, 4.0, 1.0, 1.0, 5.0, 1.0, 3.0, 1.0, 1.0, 1.0, 1.0, 1.0, 1.0, 1.0, 2.0, 1.0, 4.0, 1.0, 3.0, 1.0, 1.0, 1.0, 3.0, 1.0, 1.0, 1.0, 1.0, 1.0, 1.0]}, "machine_length": 6911.5038, "interpolation": 0.1, "reversed": false}