{"collimator": {"s": [5220.591600000126], "name": ["tcsm.51932"], "length": [1.83], "n": [2292.0]}, "aperture": {"s": [5228.701431535395, 5261.255761498715, 5251.068290698737, 5247.103300000125, 5255.1919537466, 5257.1386117680995, 5250.622605555682, 5263.039821634428, 5326.940372867717, 1851.1999144062147, 5257.528300000126, 5275.638780619834, 5283.055990698735, 5246.149481818307, 5392.36909069873, 798.5463182169012, 5278.628712974174, 5454.036884495886, 4208.424090698779, 5488.332190698725, 5406.122377325467, 5311.3587000001235, 5249.06786349219, 5258.676778365823, 5475.042190698727, 5248.77405396838, 5252.016778365824, 5250.243101587428, 5355.529650129708, 5321.42370465082, 6512.258690698688, 5249.753419047745, 5822.373400000098, 5246.8278000001255, 5370.6282268733585, 5276.993763001387, 802.7582746031773, 5317.99496925083, 5808.309190698709, 5469.563000000116, 5342.361509108572, 6832.235690698672, 5249.851355555682, 5265.326778365823, 5345.55064603187, 5431.850429599107, 5314.973693024082, 5247.623300000126, 1983.8575999999803, 5455.500265467964, 5264.28079534943, 4784.382690698749, 6173.891500000078, 829.8821000000028, 1520.6169906986, 5313.357073015997, 5433.232511628292, 1136.644590698609, 5247.990561904888, 6335.19220000008, 6588.130772867667, 6655.5222000000695, 5280.967626984251, 5438.130136363754, 5298.346960464453, 6524.036007493023, 93.94889999999997, 4254.489500000165, 5375.354100000121, 112.71809069860974, 30.790700000000008, 6525.488700000076, 5409.546046031866, 5322.577329599113, 5436.498019167838, 5293.422192248009, 5248.48024444457, 5378.9690930240795, 5327.224919167844, 4.357999999999907, 5790.3772000001, 763.6545844957706, 1182.7079999999983, 6558.227459108524, 5421.711088371945, 5693.547400000105, 5725.544600000104, 6704.244890698677, 4272.419490698775, 5410.525411111232, 2654.6023000000387, 5410.611105555676, 4400.410290698768, 5826.936893024057], "name": ["loen.52002_entry_aper_upstream", "mba.52050..1_aper_upstream", "mba.52030_entry_aper_upstream", "mdh.52007_aper_upstream", "mba.52030..1_aper_upstream", "mba.52030..exit_map_aper_upstream", "qf.52010_exit_aper_downstream", "mba.52050..exit_map_aper_upstream", "mba.52250..1_aper_upstream", "mplh.22195_aper_upstream", "mba.52050..entry_map_aper_upstream", "mbb.52090..1_aper_upstream", "mbb.52130_entry_aper_upstream", "lsf.52005..0_aper_upstream", "mbb.52470_entry_aper_upstream", "lsd.12505_entry_aper_upstream", "mdv.52107_aper_upstream", "mba.52650..1_aper_upstream", "mba.42370_entry_aper_upstream", "mba.52770_entry_aper_upstream", "lsd.52505_entry_aper_upstream", "qf.52210_entry_aper_upstream", "qf.52010..4_aper_upstream", "mba.52050..0_aper_upstream", "mbb.52730_entry_aper_upstream", "qf.52010..3_aper_upstream", "mba.52030..0_aper_upstream", "qf.52010..7_aper_upstream", "mbb.52350..1_aper_upstream", "mba.52250..entry_map_aper_upstream", "mba.62370_entry_aper_upstream", "qf.52010..5_aper_upstream", "lsf.60205_entry_aper_upstream", "lsf.52005_exit_aper_downstream", "mba.52390..1_aper_upstream", "mbb.52090..exit_map_aper_upstream", "qd.12510..7_aper_upstream", "mba.52230..1_aper_upstream", "mba.60170_entry_aper_upstream", "lod.52702_entry_aper_upstream", "lsd.52305_entry_aper_upstream", "mba.63370_entry_aper_upstream", "qf.52010..6_aper_upstream", "mbb.52070..0_aper_upstream", "qd.52310..5_aper_upstream", "mba.52590..0_aper_upstream", "mba.52230_entry_aper_upstream", "qf.52010_entry_aper_upstream", "qf.22610_entry_aper_upstream", "mba.52650..exit_map_aper_upstream", "mbb.52070_entry_aper_upstream", "mba.50570_entry_aper_upstream", "mpsv.61303_aper_upstream", "lof.12602_entry_aper_upstream", "mba.21170_entry_aper_upstream", "qf.52210..4_aper_upstream", "mba.52590..1_aper_upstream", "mba.13570_entry_aper_upstream", "qf.52010..1_aper_upstream", "qfa.61810_aper_upstream", "mba.62590..1_aper_upstream", "qf.62810_entry_aper_upstream", "qd.52110..3_aper_upstream", "lsf.52605..0_aper_upstream", "mdh.52207_aper_upstream", "mba.62390..1_aper_upstream", "lod.10302_entry_aper_upstream", "lsd.42505_entry_aper_upstream", "qf.52410_entry_aper_upstream", "mba.10370_entry_aper_upstream", "lsd.10105_entry_aper_upstream", "lse.62402_entry_aper_upstream", "qd.52510..5_aper_upstream", "mba.52250..0_aper_upstream", "mba.52590..exit_map_aper_upstream", "mbb.52150..1_aper_upstream", "qf.52010..2_aper_upstream", "mba.52430_entry_aper_upstream", "mba.52250..exit_map_aper_upstream", "qecd.53402_aper_downstream", "lsd.60105_entry_aper_upstream", "mba.12390..1_aper_upstream", "lsd.20105_entry_aper_upstream", "lsd.62505_entry_aper_upstream", "mbb.52550..1_aper_upstream", "qecd.53402_aper_upstream", "lod.53502_entry_aper_upstream", "mba.62970_entry_aper_upstream", "mba.42570_entry_aper_upstream", "qd.52510..7_aper_upstream", "lsd.31105_entry_aper_upstream", "qd.52510_exit_aper_downstream", "mba.42970_entry_aper_upstream", "mba.60230_entry_aper_upstream"], "n": [577.0, 124.0, 57.0, 18.0, 113.0, 37.0, 4.0, 31.0, 21.0, 1.0, 15.0, 17.0, 40.0, 16.0, 2.0, 8.0, 9.0, 25.0, 1.0, 33.0, 10.0, 7.0, 4.0, 19.0, 1.0, 4.0, 37.0, 7.0, 2.0, 1.0, 10.0, 13.0, 3.0, 2.0, 1.0, 17.0, 1.0, 4.0, 8.0, 4.0, 8.0, 1.0, 12.0, 1.0, 1.0, 2.0, 3.0, 3.0, 1.0, 13.0, 2.0, 1.0, 4.0, 1.0, 1.0, 1.0, 4.0, 3.0, 1.0, 4.0, 1.0, 1.0, 1.0, 1.0, 2.0, 1.0, 1.0, 1.0, 1.0, 2.0, 1.0, 2.0, 1.0, 1.0, 2.0, 1.0, 1.0, 2.0, 1.0, 1.0, 1.0, 1.0, 1.0, 3.0, 1.0, 1.0, 1.0, 1.0, 1.0, 1.0, 1.0, 1.0, 1.0, 1.0]}, "machine_length": 6911.5038, "interpolation": 0.1, "reversed": false}