{
 "collimator": {
  "s": [
   799.7076,
   6111.326300000001
  ],
  "name": [
   "bpcn.12508_coll",
   "bpcn.61108_coll"
  ],
  "length": [
   0.23480000000006385,
   0.23479999999926804
  ],
  "n": [
   308.0,
   2.0
  ]
 },
 "aperture": {
  "s": [
   799.8481999999776,
   803.1929999999776,
   803.1941999999775,
   804.0035925588646,
   804.6295944191426,
   805.2555962794205,
   805.8815981396984,
   807.1336018602543,
   807.7596037205323,
   808.3856055808102,
   809.6376093013661,
   809.8329999999767,
   810.0175906985855,
   810.6435925588635,
   811.2695944191414,
   811.8955962794194,
   812.5215981396973,
   813.1475999999752,
   813.7736018602532,
   815.025605580809,
   815.651607441087,
   816.2776093013649,
   816.4729999999756,
   816.4741999999756,
   816.6675906985844,
   817.2935925588623,
   817.9195944191403,
   818.5455962794182,
   819.1715981396961,
   819.7975999999741,
   820.423601860252,
   821.04960372053,
   821.6756055808079,
   822.3016074410858,
   823.1329999999746,
   823.3275906985832,
   823.9535925588611,
   824.5795944191391,
   825.831598139695,
   826.4575999999729,
   827.0836018602508,
   828.9616074410847,
   829.5876093013626,
   829.9006999999735,
   831.2958999999735,
   831.5446999999735,
   831.5708999999734,
   835.1906999999735,
   836.0112925588601,
   836.637294419138,
   837.263296279416,
   839.1413018602498,
   841.0193074410836,
   843.9232962794148,
   846.4273037205265,
   847.0533055808045,
   848.5106999999715,
   860.9693074410801,
   861.7915999999694,
   880.4695999999674,
   925.786999999961,
   949.6664055807894,
   989.7823999999528,
   995.1791999999529,
   1005.7598018602253,
   1007.0118055807811,
   1019.069801860223,
   1020.9478074410569,
   1053.7777999999441,
   1059.1745999999441,
   1759.4112999998586,
   1949.7134999998352,
   3101.630800000541
  ],
  "name": [
   "veqd.12510.a_aper",
   "veqd.12510.b_aper",
   "vebb.12530.a_aper",
   "mbb.12530..1_aper2",
   "mbb.12530..2_aper2",
   "mbb.12530..3_aper2",
   "mbb.12530..4_aper2",
   "mbb.12530..6_aper2",
   "mbb.12530..7_aper2",
   "mbb.12530..8_aper2",
   "mbb.12530..10_aper2",
   "vebb.12530.b_aper",
   "mbb.12550..0_aper2",
   "mbb.12550..1_aper2",
   "mbb.12550..2_aper2",
   "mbb.12550..3_aper2",
   "mbb.12550..4_aper2",
   "mbb.12550..5_aper2",
   "mbb.12550..6_aper2",
   "mbb.12550..8_aper2",
   "mbb.12550..9_aper2",
   "mbb.12550..10_aper2",
   "vebb.12550.b_aper",
   "veba.12570.a_aper",
   "mba.12570..0_aper2",
   "mba.12570..1_aper2",
   "mba.12570..2_aper2",
   "mba.12570..3_aper2",
   "mba.12570..4_aper2",
   "mba.12570..5_aper2",
   "mba.12570..6_aper2",
   "mba.12570..7_aper2",
   "mba.12570..8_aper2",
   "mba.12570..9_aper2",
   "veba.12570.b_aper",
   "mba.12590..0_aper2",
   "mba.12590..1_aper2",
   "mba.12590..2_aper2",
   "mba.12590..4_aper2",
   "mba.12590..5_aper2",
   "mba.12590..6_aper2",
   "mba.12590..9_aper2",
   "mba.12590..10_aper2",
   "vttc.12602.b_aper",
   "mdh.12607.a_aper",
   "mdh.12607.b_aper",
   "bph.12608.a_aper",
   "veqf.12610.b_aper",
   "mba.12630..1_aper2",
   "mba.12630..2_aper2",
   "mba.12630..3_aper2",
   "mba.12630..6_aper2",
   "mba.12630..9_aper2",
   "mba.12650..3_aper2",
   "mba.12650..7_aper2",
   "mba.12650..8_aper2",
   "veba.12650.b_aper",
   "mbb.12690..9_aper2",
   "vcad.12702.a_aper",
   "veba.12770.a_aper",
   "vcad.12902.a_aper",
   "mba.12970..8_aper2",
   "vcad.13101.a_aper",
   "veqd.13110.b_aper",
   "mbb.13150..6_aper2",
   "mbb.13150..8_aper2",
   "mba.13190..6_aper2",
   "mba.13190..9_aper2",
   "vcad.13302.a_aper",
   "veqd.13310.b_aper",
   "veqa.21910.a_aper",
   "vcak.22501.a_aper",
   "vcak.32501.a_aper"
  ],
  "n": [
   1.0,
   45.0,
   1.0,
   3.0,
   1.0,
   2.0,
   5.0,
   3.0,
   5.0,
   1.0,
   1.0,
   1.0,
   1.0,
   2.0,
   3.0,
   5.0,
   2.0,
   4.0,
   2.0,
   4.0,
   1.0,
   3.0,
   1.0,
   17.0,
   1.0,
   1.0,
   1.0,
   1.0,
   1.0,
   1.0,
   2.0,
   1.0,
   1.0,
   1.0,
   1.0,
   2.0,
   1.0,
   3.0,
   2.0,
   1.0,
   2.0,
   1.0,
   2.0,
   11.0,
   1.0,
   1.0,
   1.0,
   3.0,
   1.0,
   1.0,
   1.0,
   2.0,
   1.0,
   1.0,
   1.0,
   1.0,
   1.0,
   1.0,
   3.0,
   1.0,
   1.0,
   1.0,
   1.0,
   1.0,
   1.0,
   1.0,
   1.0,
   1.0,
   4.0,
   1.0,
   1.0,
   2.0,
   2.0
  ]
 },
 "machine_length": 6911.50379999983,
 "interpolation": 0.1,
 "reversed": false
}
