{
 "collimator": {
  "s": [],
  "name": [],
  "length": [],
  "n": []
 },
 "aperture": {
  "s": [
   799.5901999999778,
   6111.208899999294
  ],
  "name": [
   "bpcn.12508.a_aper",
   "bpcn.61108.a_aper"
  ],
  "n": [
   4980.0,
   19.0
  ]
 },
 "machine_length": 6911.50379999983,
 "interpolation": 0.1,
 "reversed": false
}