{
 "collimator": {
  "s": [
   5219.6765999999625
  ],
  "name": [
   "tcsm.51932"
  ],
  "length": [
   1.83
  ],
  "n": [
   620.0
  ]
 },
 "aperture": {
  "s": [
   413.82399999999615,
   797.7961999999775,
   799.5901999999776,
   1759.4112999998586,
   4063.2459000012204,
   5221.507200000177,
   5223.614000000177,
   5229.059000000177,
   5234.895000000177,
   5239.578000000177,
   5240.267000000177,
   5243.291000000177,
   5244.776200000178,
   5245.576000000177,
   5246.336600000178,
   5246.337200000178,
   5246.898000000179,
   5246.978900000179,
   5247.227700000179,
   5250.873700000178,
   5250.874900000179,
   5251.694292559026,
   5252.320294419303,
   5252.94629627958,
   5253.572298139857,
   5254.198300000134,
   5254.824301860413,
   5255.45030372069,
   5256.076305580967,
   5256.702307441244,
   5257.328309301521,
   5257.728290698739,
   5258.354292559016,
   5258.980294419293,
   5259.60629627957,
   5260.232298139847,
   5260.858300000126,
   5261.484301860403,
   5262.11030372068,
   5263.362307441234,
   5263.988309301511,
   5264.193700000162,
   5264.194900000162,
   5274.774301860385,
   5276.652307441216,
   5277.278309301493,
   5277.473700000145,
   5282.872600000145,
   5304.876400000128,
   5309.889300000129,
   5310.893100000128,
   5310.974300000128,
   5311.249300000129,
   5311.523100000128,
   5311.524300000128,
   5324.8537000000715,
   5341.645000000095,
   5372.635407441125,
   5405.465400000026,
   5406.324200000026,
   5454.09650372048,
   5454.722505580757,
   5455.348507441034,
   5469.460799999961,
   5474.858799999959,
   5488.138799999943,
   5808.115799999609,
   6175.204299999226,
   6205.407999999193,
   6206.828499999191,
   6303.08509999914
  ],
  "name": [
   "vcak.11301.a_aper",
   "vcak.12501.a_aper",
   "bpcn.12508.a_aper",
   "veqa.21910.a_aper",
   "veqa.41910.a_aper",
   "vcyc.51934.a_aper",
   "vcyc.51934.b_aper",
   "vcal.51939.b_aper",
   "vcal.51956.b_aper",
   "vcal.51974.b_aper",
   "vcab.51991.b_aper",
   "vcaa.51994.b_aper",
   "vbbc.51998.a_aper",
   "vttm.52002.b_aper",
   "vttm.52002.c_aper",
   "vtte.52005.a_aper",
   "vtte.52005.b_aper",
   "mdh.52007.a_aper",
   "mdh.52007.b_aper",
   "veqf.52010.b_aper",
   "veba.52030.a_aper",
   "mba.52030..1_aper2",
   "mba.52030..2_aper2",
   "mba.52030..3_aper2",
   "mba.52030..4_aper2",
   "mba.52030..5_aper2",
   "mba.52030..6_aper2",
   "mba.52030..7_aper2",
   "mba.52030..8_aper2",
   "mba.52030..9_aper2",
   "mba.52030..10_aper2",
   "mba.52050..0_aper2",
   "mba.52050..1_aper2",
   "mba.52050..2_aper2",
   "mba.52050..3_aper2",
   "mba.52050..4_aper2",
   "mba.52050..5_aper2",
   "mba.52050..6_aper2",
   "mba.52050..7_aper2",
   "mba.52050..9_aper2",
   "mba.52050..10_aper2",
   "veba.52050.b_aper",
   "vebb.52070.a_aper",
   "mbb.52090..6_aper2",
   "mbb.52090..9_aper2",
   "mbb.52090..10_aper2",
   "vebb.52090.b_aper",
   "vebb.52130.a_aper",
   "vcab.52192.b_aper",
   "vcaa.52204.a_aper",
   "vcaa.52204.b_aper",
   "mdh.52207.a_aper",
   "bph.52208.a_aper",
   "bph.52208.b_aper",
   "veqf.52210.a_aper",
   "mba.52250..5_aper2",
   "vcad.52303.a_aper",
   "mba.52390..9_aper2",
   "vcak.52501.a_aper",
   "vcak.52501.b_aper",
   "mba.52650..7_aper2",
   "mba.52650..8_aper2",
   "mba.52650..9_aper2",
   "vcad.52702.a_aper",
   "vebb.52730.a_aper",
   "veba.52770.a_aper",
   "veba.60170.a_aper",
   "bpcn.61308.a_aper",
   "vttw.61402.a_aper",
   "vttw.61402.b_aper",
   "veqa.61710.a_aper"
  ],
  "n": [
   1.0,
   4.0,
   6.0,
   3.0,
   1.0,
   5.0,
   24.0,
   15.0,
   24.0,
   11.0,
   2.0,
   1.0,
   1.0,
   59.0,
   3.0,
   3.0,
   2.0,
   7.0,
   1.0,
   2.0,
   6.0,
   5.0,
   3.0,
   4.0,
   1.0,
   4.0,
   2.0,
   3.0,
   3.0,
   1.0,
   2.0,
   2.0,
   5.0,
   4.0,
   2.0,
   3.0,
   1.0,
   2.0,
   3.0,
   2.0,
   3.0,
   1.0,
   1.0,
   1.0,
   2.0,
   2.0,
   1.0,
   6.0,
   1.0,
   1.0,
   1.0,
   1.0,
   1.0,
   1.0,
   2.0,
   1.0,
   1.0,
   1.0,
   1.0,
   1.0,
   1.0,
   2.0,
   1.0,
   2.0,
   1.0,
   3.0,
   3.0,
   1.0,
   3.0,
   1.0,
   7.0
  ]
 },
 "machine_length": 6911.50379999983,
 "interpolation": 0.1,
 "reversed": false
}