{
    "collimator": {
        "s": [
            5220.5916
        ],
        "name": [
            "tcsm.51932"
        ],
        "length": [
            1.83
        ],
        "n": [
            352.0
        ]
    },
    "aperture": {
        "s": [
            798.6572377074408,
            798.8494792358136,
            798.9456,
            1136.6445906986098,
            5221.905142040816,
            5222.00477755102,
            5222.303684081632,
            5222.403319591836,
            5222.602590612245,
            5222.702226122448,
            5222.901497142857,
            5223.1007681632655,
            5223.200403673469,
            5223.698581224489,
            5223.798216734694,
            5223.897852244898,
            5224.296394285714,
            5224.495665306123,
            5224.794571836735,
            5224.993842857142,
            5225.691291428571,
            5226.0898334693875,
            5226.189468979592,
            5226.488375510204,
            5226.588011020408,
            5226.687646530612,
            5226.88691755102,
            5227.0861885714285,
            5227.185824081633,
            5227.285459591836,
            5227.783637142857,
            5227.982908163265,
            5228.082543673469,
            5228.281814693877,
            5228.381450204081,
            5228.481085714286,
            5228.779992244898,
            5229.07889877551,
            5229.178534285714,
            5230.872337959184,
            5230.971973469387,
            5231.171244489796,
            5231.27088,
            5232.167599591837,
            5232.267235102041,
            5233.96103877551,
            5234.957393877551,
            5235.057029387755,
            5236.352291020408,
            5236.451926530613,
            5237.448281632653,
            5238.046094693877,
            5238.345001224489,
            5238.643907755102,
            5239.839533877551,
            5239.939169387755,
            5240.138440408164,
            5240.238075918367,
            5240.7362534693875,
            5240.835888979592,
            5241.134795510204,
            5241.234431020408,
            5241.632973061224,
            5242.03151510204,
            5242.629328163265,
            5243.22714122449,
            5243.426412244898,
            5243.7253187755105,
            5244.024225306122,
            5244.422767346939,
            5245.319486938775,
            5245.41912244898,
            5245.518757959184,
            5245.9173,
            5246.6163,
            5246.713699999999,
            5246.8111,
            5246.9085,
            5248.663059259259,
            5248.845874074073,
            5249.759948148148,
            5249.942762962963,
            5250.034170370371,
            5250.308392592593,
            5250.59079734246,
            5250.68629601369,
            5250.78179468492,
            5250.8772933561495,
            5250.97279202738,
            5251.068290698609,
            5251.42600604734,
            5251.515434884523,
            5251.694292558888,
            5252.283470780327,
            5252.3816671505665,
            5252.676256261285,
            5252.872649001764,
            5252.970845372004,
            5253.363630852963,
            5253.560023593443,
            5253.658219963682,
            5253.756416333922,
            5253.854612704161,
            5254.05100544464,
            5254.34559455536,
            5254.443790925599,
            5254.8365764065575,
            5254.934772776797,
            5255.2293618875165,
            5255.327558257756,
            5255.425754627996,
            5255.622147368475,
            5255.720343738715,
            5256.309521960153,
            5256.4077183303925,
            5256.505914700632,
            5256.604111070872,
            5257.149451627025,
            5257.328309301391,
            5257.428304650695,
            5257.5283,
            5257.907148372975,
            5258.08600604734,
            5258.264863721705,
            5258.845274410087,
            5259.238059891045,
            5259.336256261285,
            5259.434452631524,
            5259.729041742244,
            5259.925434482723,
            5260.023630852963,
            5260.514612704161,
            5260.6128090744005,
            5260.90739818512,
            5261.0055945553595,
            5261.103790925599,
            5261.201987295839,
            5261.300183666078,
            5261.594772776797,
            5262.085754627996,
            5262.183950998236,
            5262.969521960153,
            5263.067718330392,
            5263.165914700632,
            5263.451736278294,
            5263.541165115477,
            5263.720022789842,
            5264.37829069861,
            5276.652307441112,
            5277.27830930139,
            5283.055990698609,
            5294.937221960153,
            5295.687722789842,
            5311.651033333333,
            5319.421154627996,
            5319.912136479194,
            5320.697707441112,
            5322.260263721705,
            5322.938870780326,
            5324.70640544464,
            5324.9027981851195,
            5341.872291029365,
            5342.371109136012,
            5359.683122789842,
            5360.34139069861,
            5392.369090698609,
            5405.557900165379,
            5406.135481893354,
            5406.424272757341,
            5407.640978571429,
            5408.103114814815,
            5408.925781481482,
            5435.550647368475,
            5442.86349335615,
            5453.188187295839,
            5454.071954627996,
            5454.464740108955,
            5454.955721960153,
            5455.152114700632,
            5475.042190698609,
            5488.234695349305,
            5488.332190698609,
            5808.309190698609,
            5823.890399999999,
            6110.5643,
            6192.281690698609,
            6479.722151627025
        ],