{
    "collimator": {
        "s": [
            5220.5916
        ],
        "name": [
            "tcsm.51932"
        ],
        "length": [
            1.83
        ],
        "n": [
            5.0
        ]
    },
    "aperture": {
        "s": [
            5227.38509510204,
            5245.120215918368,
            5262.478540108955
        ],
        "name": [
            "loen.52002_aper_upstream",
            "loen.52002_aper_upstream",
            "mba.52050..4_aper_upstream"
        ],
        "n": [
            1.0,
            1.0,
            1.0
        ]
    },
    "machine_length": 6911.5038,
    "interpolation": 0.1,
    "reversed": false
}