{"collimator": {"s": [5220.5916], "name": ["tcsm.51932"], "length": [1.83], "n": [31403.0]}, "aperture": {"s": [5222.801861632653, 5244.024225306122, 5250.59079734246, 5255.622147368475, 5271.37600604734, 5253.363630852963, 5455.61679395266, 5260.90739818512, 5283.055990698609, 5345.661640740741, 5276.357718330392, 5307.313027325347, 5257.428304650695, 5246.8111, 5254.640183666078, 6512.25869069861, 5257.060022789842, 5263.809451627025, 5259.434452631524, 5342.6704, 5263.264111070872, 5405.942954650695, 5250.034170370371, 5321.423704650695, 5693.6172, 5808.309190698609, 112.71809069860977, 5324.6082090744, 5454.464740108955, 5246.6163, 5273.215434482723, 798.8494792358136, 5258.264863721705, 5277.010022789842, 5409.931262962963, 5319.322958257756, 5433.390327223203, 5488.332190698609, 5251.157719535792, 5368.314767150567, 2288.5618906986097, 5345.570233333334, 5616.32299069861, 5278.43579816367, 1150.2536, 6704.244890698609, 5249.394318518518, 5317.260834482723, 5248.114614814815, 5327.447136278294, 5318.340994555359, 5311.743088888888, 6896.2310906986095, 5264.37829069861, 766.1750584716272, 1155.3622906986097, 5453.384580036318, 6832.23569069861, 5292.580509074401, 5314.96819202738, 5475.042190698609, 5433.193934482723, 5325.884761887516, 5247.931799999999, 5360.34139069861, 2224.56649069861, 5409.108596296296, 5790.491079235813, 5936.29999069861, 5264.73600604734, 6128.286290698609, 5469.9015, 5369.394927223203, 5274.491987295839, 5437.441663786708, 1851.1999144062318, 5313.298311111111, 5294.151650998236, 1950.8629, 5321.055422789842, 5356.477712704161, 5420.276719963682, 5322.260263721705, 3248.49299069861, 5442.86349335615, 3440.4791906986097, 3824.45169069861, 304.7042906986098, 5323.3316562612845, 2304.325914814815, 5281.483425925926, 770.9123973424599, 5371.358854627996, 5693.989466666666, 5314.120977777778, 5436.720236278295, 5378.9635920273795, 5315.153119535792, 5375.278211111111, 6589.8211, 6173.8915, 5680.31839069861, 1152.2258000000002, 6526.341342857142, 5422.535236479193, 752.6721906986097, 5367.090819535792, 5366.154265115478, 5408.5601518518515, 1152.3172074074075, 764.7698147006329, 5423.857380464207, 3136.0834, 5436.139825589913, 2096.57569069861, 4031.7367, 5291.696741742244, 5439.918, 5373.844258471627, 1968.5848906986098, 5744.313790698609, 5355.790338112483, 5440.100814814815, 368.6996906986098, 5312.2014222222215, 5430.596809301391, 5295.687722789842, 5279.565722222222, 5398.27139395266, 6558.435979235814, 4976.368990698609, 2416.5526906986097, 4592.396490698609, 6910.4132714285715, 1904.5894906986098, 6192.281690698609, 5376.928081481482, 5365.386229219674, 1984.1661000000001, 768.2533999999999, 6479.722151627025, 766.8513714285714, 5281.66624074074, 432.6950906986098, 1136.6445906986098, 2672.5342906986098, 770.4471777777778, 5872.304590698609, 5501.8992, 2307.27959069861, 816.6675906986097, 5392.369090698609, 3056.50679069861, 5359.861980464208, 4208.42409069861, 768.5276222222221, 5376.196822222222, 1987.20709202738, 5328.37369069861, 2032.5802906986098, 1502.895, 5358.343443738715, 5280.477944444444, 6588.995251627025, 1150.6357142857144, 6013.8625, 1456.62159069861, 830.411775, 4784.38269069861, 5333.713118330393, 6524.8209939526605, 5407.082335714285, 4254.6995, 5438.1695625, 6000.29549069861, 2654.8123, 5725.8831, 6110.5643, 5661.8877, 5268.539361887517, 6877.8004, 6529.942270370371, 830.2346, 6640.249490698609, 5695.8996, 3184.4975906986097, 6147.003990698609, 5343.6354, 5366.701404650696, 176.71349069860977, 5981.8648, 2304.1431000000002, 769.2588814814815, 5403.759340108955, 3102.7802, 1520.61699069861, 2480.54809069861, 5552.327590698609, 5373.261409301391, 6591.8353, 1648.60789069861, 6159.9240093013905, 4272.4194906986095, 3632.46539069861, 5441.197703703704, 6530.59439601369, 5696.722266666667, 6522.883369147037, 6520.035674410087, 6335.5713, 1584.61239069861, 2736.5297906986098, 2302.1289, 5402.580983666078, 3134.0692, 5268.146576406558], "name": ["loen.52002_aper_upstream", "loen.52002_aper_upstream", "mba.52030_den_aper_upstream", "mba.52030..4_aper_upstream", "mbb.52090..1_aper_upstream", "mba.52030..2_aper_upstream", "mba.52650_dex_aper_upstream", "mba.52050..3_aper_upstream", "mbb.52130_den_aper_upstream", "qd.52310..4_aper_upstream", "mbb.52090..4_aper_upstream", "mdh.52207_aper_upstream", "mba.52050_den_aper_upstream", "mdh.52007_aper_upstream", "mba.52030..3_aper_upstream", "mba.62370_den_aper_upstream", "mba.52030_dex_aper_upstream", "mba.52050_dex_aper_upstream", "mba.52050..2_aper_upstream", "lsd.52305_aper_upstream", "mba.52050..4_aper_upstream", "lsd.52505_aper_upstream", "qf.52010..4_aper_upstream", "mba.52250_den_aper_upstream", "qecd.53402..1_aper_upstream", "mba.60170_den_aper_upstream", "mba.10370_den_aper_upstream", "mba.52250..3_aper_upstream", "mba.52650..4_aper_upstream", "lsf.52005_aper_upstream", "mbb.52090..2_aper_upstream", "lsd.12505_aper_upstream", "mba.52050..1_aper_upstream", "mbb.52090_dex_aper_upstream", "qd.52510..4_aper_upstream", "mba.52230..4_aper_upstream", "mba.52590..3_aper_upstream", "mba.52770_den_aper_upstream", "mba.52030..1_aper_upstream", "mba.52390..2_aper_upstream", "mba.23570_den_aper_upstream", "qd.52310..3_aper_upstream", "mba.53170_den_aper_upstream", "mdv.52107_aper_upstream", "loe.13602_aper_upstream", "mba.62970_den_aper_upstream", "qf.52010..3_aper_upstream", "mba.52230..2_aper_upstream", "qf.52010..2_aper_upstream", "mba.52250_dex_aper_upstream", "mba.52230..3_aper_upstream", "qf.52210..1_aper_upstream", "mba.63570_den_aper_upstream", "mbb.52070_den_aper_upstream", "lse.12402_aper_upstream", "mba.20030_den_aper_upstream", "mba.52650..3_aper_upstream", "mba.63370_den_aper_upstream", "mbb.52150..3_aper_upstream", "mba.52230_den_aper_upstream", "mbb.52730_den_aper_upstream", "mba.52590..2_aper_upstream", "mba.52250..4_aper_upstream", "qf.52010..1_aper_upstream", "mba.52370_den_aper_upstream", "mba.23370_den_aper_upstream", "qd.52510..3_aper_upstream", "lsd.60105_aper_upstream", "mba.60570_den_aper_upstream", "mbb.52070..1_aper_upstream", "mba.61170_den_aper_upstream", "lod.52702_aper_upstream", "mba.52390..3_aper_upstream", "mbb.52090..3_aper_upstream", "lof.52602_aper_upstream", "mplh.22195_aper_upstream", "qf.52210..3_aper_upstream", "mbb.52150..4_aper_upstream", "lsd.22505_aper_upstream", "mba.52230_dex_aper_upstream", "mbb.52350..3_aper_upstream", "mbb.52550..3_aper_upstream", "mba.52250..1_aper_upstream", "mba.32970_den_aper_upstream", "mba.52630_den_aper_upstream", "mba.33570_den_aper_upstream", "mba.41170_den_aper_upstream", "mba.10970_den_aper_upstream", "mba.52250..2_aper_upstream", "qf.30010..2_aper_upstream", "qd.52110..3_aper_upstream", "mba.12430_den_aper_upstream", "mba.52390..4_aper_upstream", "qecd.53402..4_aper_downstream", "qf.52210..4_aper_upstream", "mba.52590_dex_aper_upstream", "mba.52430_den_aper_upstream", "mba.52230..1_aper_upstream", "qf.52410..1_aper_upstream", "lof.62602_aper_upstream", "mpsv.61303_aper_upstream", "mba.53370_den_aper_upstream", "qf.20010..1_aper_upstream", "lsf.62405_aper_upstream", "mbb.52550..4_aper_upstream", "mba.12370_den_aper_upstream", "mba.52390..1_aper_upstream", "mba.52370_dex_aper_upstream", "qd.52510..2_aper_upstream", "qf.20010..2_aper_upstream", "mba.12390..4_aper_upstream", "mbb.52550_dex_aper_upstream", "qf.32610..1_aper_upstream", "mba.52590..4_aper_upstream", "mba.22970_den_aper_upstream", "qfa.41810..1_aper_upstream", "mbb.52150..2_aper_upstream", "qf.52610..1_aper_upstream", "lse.52402_aper_upstream", "mba.22570_den_aper_upstream", "mba.53570_den_aper_upstream", "mbb.52350..2_aper_upstream", "qf.52610..2_aper_upstream", "mba.11170_den_aper_upstream", "qf.52210..2_aper_upstream", "mba.52570_dex_aper_upstream", "mbb.52150_dex_aper_upstream", "qd.52110..1_aper_upstream", "mbb.52470_dex_aper_upstream", "lsd.62505_aper_upstream", "mba.51170_den_aper_upstream", "mba.30370_den_aper_upstream", "mba.43570_den_aper_upstream", "lsf.63605_aper_upstream", "mba.22370_den_aper_upstream", 