{"collimator": {"s": [5220.5916], "name": ["tcsm.51932"], "length": [1.83], "n": [31709.0]}, "aperture": {"s": [5224.0971232653055, 5250.308392592593, 5254.738380036318, 5406.6168, 5261.496576406557, 5342.071818272025, 5680.31839069861, 5314.77719468492, 5250.8772933561495, 6896.2310906986095, 798.5611169432544, 5311.927199999999, 5246.9085, 5455.706222789842, 5252.479863520806, 5309.90322441853, 5248.9372814814815, 5264.183300000001, 5327.62599395266, 5276.357718330392, 5256.505914700632, 5263.451736278294, 5321.055422789842, 5262.478540108955, 5409.565633333334, 6128.286290698609, 3824.45169069861, 5269.521325589913, 5325.197387295839, 6704.244890698609, 5258.943470780327, 5257.060022789842, 5258.08600604734, 304.7042906986098, 5431.720988929128, 5790.5872, 5283.055990698609, 5693.6172, 5433.783112704161, 5693.803333333333, 2288.5618906986097, 5488.332190698609, 766.1750584716272, 5257.728290698609, 5247.839744444444, 112.71809069860977, 6512.25869069861, 5251.336577210158, 768.6190296296296, 5274.2955945553595, 5278.91808518962, 5326.375743738715, 5420.964094555359, 5276.741736278294, 5246.5164428571425, 3056.50679069861, 6621.8188, 3184.4975906986097, 5321.9919772101575, 5273.313630852963, 6832.23569069861, 1152.2258000000002, 5442.86349335615, 5322.644281669607, 3248.49299069861, 5374.520571428572, 5808.309190698609, 5370.27869455536, 5248.571651851851, 3440.4791906986097, 5616.32299069861, 5410.114077777778, 5318.930172776797, 5441.106296296296, 5281.483425925926, 5454.170150998236, 1155.3622906986097, 5321.623695349304, 752.6721906986097, 6013.8625, 6558.243737707441, 5431.175648372975, 5360.34139069861, 5725.8831, 1520.61699069861, 3102.7802, 768.2533999999999, 766.3687285714286, 2032.5802906986098, 5316.180674410087, 5312.841274074073, 5392.271595349304, 1152.3172074074075, 5422.338843738715, 5408.103114814815, 5371.653443738715, 5280.569351851851, 5294.151650998236, 5439.918, 320.2855, 5373.552833886509, 1136.6445906986098, 1950.8629, 6335.5713, 4254.6995, 5266.477238112484, 5320.697707441112, 1502.895, 5356.084927223203, 5452.89359818512, 5437.626518272024, 5475.042190698609, 2480.54809069861, 771.1988933561498, 5346.301492592594, 1904.5894906986098, 5366.243693952661, 5291.794938112484, 5469.9015, 5423.499665115477, 5293.4642764065575, 6143.867499999999, 5435.059665517277, 5436.89909395266, 5281.940462962963, 5378.9635920273795, 2416.5526906986097, 176.71349069860977, 1456.62159069861, 4208.42409069861, 2224.56649069861, 5440.100814814815, 5359.95140930139, 1150.2536, 432.6950906986098, 2304.6915444444444, 5744.313790698609, 1851.099952541642, 5437.9923875, 944.6583906986098, 1150.6357142857144, 1072.6491906986098, 6335.847009090909, 4784.38269069861, 5936.29999069861, 1984.1661000000001, 6640.249490698609, 3632.46539069861, 5312.567051851851, 769.5331037037037, 4592.396490698609, 5295.866580464208, 6015.8767, 5358.441640108955, 3454.7569, 2672.5342906986098, 6110.5643, 1200.6399906986098, 5872.304590698609, 2302.1289, 5474.109477777778, 5369.100338112484, 6192.281690698609, 446.9708, 5315.153119535792, 3120.50219069861, 5345.113196296296, 2306.80209734246, 5313.755348148148, 4976.368990698609, 5377.202303703704, 764.8680110708725, 4400.410290698609, 5695.8996, 5424.33679069861, 5430.996790698609, 2096.57569069861, 816.6675906986097, 5367.090819535792, 5376.4710444444445, 5347.05139069861, 830.1421727573414, 6000.29549069861, 5375.830544444444, 5503.9133999999995, 5552.327590698609, 5328.37369069861, 448.2763, 6525.761558471627, 3456.0604000000003, 5372.814265115478, 5823.890399999999, 6592.109522222222, 4272.4194906986095, 5763.03149069861, 2654.8123, 770.264362962963, 6479.632722789842, 6576.25409069861, 5355.692141742244, 5279.838555555555, 5344.107714814815, 6586.976965517277, 5365.779014700633], "name": ["loen.52002_aper_upstream", "qf.52010..4_aper_upstream", "mba.52030..3_aper_upstream", "lsd.52505_aper_upstream", "mba.52050..3_aper_upstream", "lsd.52305_aper_upstream", "mba.53370_den_aper_upstream", "mba.52230_den_aper_upstream", "mba.52030_den_aper_upstream", "mba.63570_den_aper_upstream", "lsd.12505_aper_upstream", "qf.52210..1_aper_upstream", "mdh.52007_aper_upstream", "mba.52650_dex_aper_upstream", "mba.52030..2_aper_upstream", "mdh.52207_aper_upstream", "qf.52010..3_aper_upstream", "mbb.52070_den_aper_upstream", "mba.52250_dex_aper_upstream", "mbb.52090..4_aper_upstream", "mba.52030..4_aper_upstream", "mba.52050_dex_aper_upstream", "mba.52230_dex_aper_upstream", "mba.52050..4_aper_upstream", "qd.52510..3_aper_upstream", "mba.61170_den_aper_upstream", "mba.41170_den_aper_upstream", "mbb.52070..4_aper_upstream", "mba.52250..3_aper_upstream", "mba.62970_den_aper_upstream", "mba.52050..2_aper_upstream", "mba.52030_dex_aper_upstream", "mba.52050..1_aper_upstream", "mba.10970_den_aper_upstream", "mba.52590..2_aper_upstream", "lsd.60105_aper_upstream", "mbb.52130_den_aper_upstream", "qecd.53402..1_aper_upstream", "mba.52590..3_aper_upstream", "qecd.53402..4_aper_downstream", "mba.23570_den_aper_upstream", "mba.52770_den_aper_upstream", "lse.12402_aper_upstream", "mba.52050_den_aper_upstream", "qf.52010..1_aper_upstream", "mba.10370_den_aper_upstream", "mba.62370_den_aper_upstream", "mba.52030..1_aper_upstream", "qf.12410..2_aper_upstream", "mbb.52090..3_aper_upstream", "mdv.52107_aper_upstream", "mba.52250..4_aper_upstream", "mbb.52550..3_aper_upstream", "mbb.52090_dex_aper_upstream", "lsf.52005_aper_upstream", "mba.32370_den_aper_upstream", "lod.62702_aper_upstream", "mba.32770_den_aper_upstream", "mba.52250..1_aper_upstream", "mbb.52090..2_aper_upstream", "mba.63370_den_aper_upstream", "qf.20010..1_aper_upstream", "mba.52630_den_aper_upstream", "mba.52250..2_aper_upstream", "mba.32970_den_aper_upstream", "lsf.52405_aper_upstream", "mba.60170_den_aper_upstream", "mba.52390..3_aper_upstream", "qf.52010..2_aper_upstream", "mba.33570_den_aper_upstream", "mba.53170_den_aper_upstream", "qd.52510..4_aper_upstream", "mba.52230..3_aper_upstream", "qf.52610..3_aper_upstream", "qd.52110..3_aper_upstream", "mba.52650..4_aper_upstream", "mba.20030_den_aper_upstream", "mba.52250_den_aper_upstream", "mba.12370_den_aper_upstream", "lof.60802_aper_upstream", "lsd.62505_aper_upstream", "mba.52590..1_aper_upstream", "mba.52370_den_aper_upstream", "lod.53502_aper_upstream", "mba.21170_den_aper_upstream", "lsd.32505_aper_upstream", "qf.12410..1_aper_upstream", "lsf.12405_aper_upstream", "mba.22770_den_aper_upstream", "mba.52230..2_aper_upstream", "qf.52210..3_aper_upstream", "mbb.52470_den_aper_upstream", "qf.20010..2_aper_upstream", "mbb.52550..4_aper_upstream", "qd.52510..2_aper_upstream", "mba.52390..4_aper_upstream", "qd.52110..2_aper_upstream", "mbb.52150..4_aper_upstream", "qf.52610..1_aper_upstream", "qf.11010..1_aper_upstream", "lse.52402_aper_upstream", "mba.13570_den_aper_upstream", "lsd.22505_aper_upstream", "qfa.61810..1_aper_upstream", "lsd.42505_aper_upstream", "mbb.52070..2_aper_upstream", "mba.52230..4_aper_upstream", "lsd.21105_aper_upstream", "mbb.52350..3_aper_upstream", "mba.52650..3_aper_upstream", "lof.52602_aper_upstream", "mbb.52730_den_aper_upstream", "mba.30570_den_aper_upstream", "mba.12430_den_aper_upstream", "qd.52310..4_aper_upstream", "mba.22370_den_aper_upstream", "mba.52370_dex_aper_upstream", "mbb.52150..2_aper_upstream", "lod.52702_aper_upstream", "mbb.52550_dex_aper_upstream", "mbb.52150..3_aper_upstream", "qf.61210..1_aper_upstream", "mba.52590..4_aper_upstream", "mba.52590_dex_aper_upstream", "qd.52110..4_aper_upstream", "mba.52430_den_aper_upstream", "mba.30370_den_aper_upstream", "mba.10570_den_aper_upstream", "mba.20970_den_aper_upstream", "mba.42370_den_aper_upstream", "mba.23370_den_aper_upstream", "qf.52610..2_aper_upstream", "mbb.52350_dex_aper_upstream", "loe.13602_aper_upstream", "mba.11370_den_aper_upstream", "qf.30010..2_aper_upstream", "mba.53570_den_aper_upstream", "mplh.22195_aper_upstream", "lsf.52605_aper_upstream", "mba.12970_den_aper_upstream", "lsf.13605_aper_upstream", 