{"collimator": {"s": [5220.5916], "name": ["tcsm.51932"], "length": [1.83], "n": [7030.0]}, "aperture": {"s": [5224.69493632653, 5488.332190698609, 5250.97279202738, 5376.4710444444445, 5436.532611070872, 5455.706222789842, 5252.578059891045, 5246.713699999999, 5256.791736278295, 798.6572377074408, 5261.496576406557, 5248.663059259259, 5321.902548372975, 5257.907148372975, 5312.749866666666, 5263.362307441112, 5283.055990698609, 5437.9038, 5250.216985185185, 5254.541987295839, 6512.25869069861, 5255.818540108955, 5325.393780036317, 5454.562936479194, 5277.010022789842, 5327.161314700632, 5311.927199999999, 5273.9028090744005, 5259.041667150566, 5278.43579816367, 1150.2536, 2288.5618906986097, 5276.455914700632, 5408.65155925926, 5251.604863721705, 5246.5164428571425, 5249.394318518518, 5263.63059395266, 5808.309190698609, 5475.042190698609, 5406.520536378671, 5439.918, 5257.5283, 6832.23569069861, 5318.831976406557, 6896.2310906986095, 5360.34139069861, 5453.580972776797, 5436.89909395266, 5442.294592592593, 5281.66624074074, 1950.8629, 5379.059090698609, 5327.447136278294, 5434.7650764065575, 3486.7526, 5322.644281669607, 5790.5872, 5342.6704, 1152.5000222222225, 5552.327590698609, 5247.931799999999, 4400.410290698609, 1985.3543962962963, 5320.96599395266, 1136.6445906986098, 2307.18409202738, 5320.501314700632, 2416.5526906986097, 766.0779169432544, 5294.839025589913, 112.71809069860977, 5306.914535464857, 5442.86349335615, 5762.93599202738, 5744.313790698609, 5410.114077777778, 5680.31839069861, 4976.368990698609, 5317.260834482723, 5321.623695349304, 1520.61699069861, 5421.946058257756, 2304.1431000000002, 5826.93139202738, 6173.8915, 5469.6285039863105, 5392.271595349304, 5430.696804650695, 1155.2667920273798, 6558.243737707441, 5314.77719468492, 6128.286290698609, 5409.108596296296, 6335.5713, 5264.37829069861, 5438.435325, 6479.90100930139, 6575.416965115477, 6621.7278013287705, 432.6950906986098, 5370.867872776797, 31.0007, 5315.689692558888, 5375.9226, 6704.244890698609, 5823.890399999999, 3248.49299069861, 765.0556362782949, 3056.50679069861, 5432.997541742244, 4592.396490698609, 6653.8165, 5371.653443738715, 3102.7802, 4208.42409069861, 5441.471925925926, 5344.016307407407, 6192.281690698609, 5440.283629629629, 5693.522502325348, 5694.082533333333, 5281.574833333333, 769.167474074074, 5372.814265115478, 5292.187723593443, 6526.1482857142855, 6585.602216333922, 6586.976965517277, 6000.29549069861, 5421.160487295839, 5423.58909395266, 2224.56649069861, 5273.313630852963, 5616.32299069861, 176.71349069860977, 3806.7297, 4784.38269069861, 1850.8000669478738, 1072.6491906986098, 2096.57569069861, 1152.2258000000002, 768.2533999999999, 5431.533363721705, 6655.8306999999995, 4031.7367, 5290.232563721705, 5345.935862962963, 1118.2139, 5374.424042857143], "name": ["loen.52002_aper_upstream", "mba.52770_den_aper_upstream", "mba.52030_den_aper_upstream", "qf.52410..2_aper_upstream", "mba.52590..4_aper_upstream", "mba.52650_dex_aper_upstream", "mba.52030..2_aper_upstream", "mdh.52007_aper_upstream", "mba.52030_dex_aper_upstream", "lsd.12505_aper_upstream", "mba.52050..3_aper_upstream", "qf.52010..2_aper_upstream", "mba.52250..1_aper_upstream", "mba.52050..1_aper_upstream", "qf.52210..2_aper_upstream", "mba.52050..4_aper_upstream", "mbb.52130_den_aper_upstream", "lof.52602_aper_upstream", "qf.52010..4_aper_upstream", "mba.52030..3_aper_upstream", "mba.62370_den_aper_upstream", "mba.52030..4_aper_upstream", "mba.52250..3_aper_upstream", "mba.52650..4_aper_upstream", "mbb.52090_dex_aper_upstream", "mba.52250..4_aper_upstream", "qf.52210..1_aper_upstream", "mbb.52090..3_aper_upstream", "mba.52050..2_aper_upstream", "mdv.52107_aper_upstream", "loe.13602_aper_upstream", "mba.23570_den_aper_upstream", "mbb.52090..4_aper_upstream", "qd.52510..2_aper_upstream", "mba.52030..1_aper_upstream", "lsf.52005_aper_upstream", "qf.52010..3_aper_upstream", "mba.52050_dex_aper_upstream", "mba.60170_den_aper_upstream", "mbb.52730_den_aper_upstream", "lsd.52505_aper_upstream", "qf.52610..1_aper_upstream", "mba.52050_den_aper_upstream", "mba.63370_den_aper_upstream", "mba.52230..3_aper_upstream", "mba.63570_den_aper_upstream", "mba.52370_den_aper_upstream", "mba.52650..3_aper_upstream", "mba.52590_dex_aper_upstream", "qf.52610..4_aper_upstream", "qd.52110..4_aper_upstream", "lsd.22505_aper_upstream", "mba.52430_den_aper_upstream", "mba.52250_dex_aper_upstream", "mba.52590..3_aper_upstream", "lsd.40105_aper_upstream", "mba.52250..2_aper_upstream", "lsd.60105_aper_upstream", "lsd.52305_aper_upstream", "qf.20010..2_aper_upstream", "mba.52970_den_aper_upstream", "qf.52010..1_aper_upstream", "mba.42970_den_aper_upstream", "qf.22610..3_aper_upstream", "mba.52230_dex_aper_upstream", "mba.13570_den_aper_upstream", "mba.30030_den_aper_upstream", "mba.52230..4_aper_upstream", "mba.30370_den_aper_upstream", "lse.12402_aper_upstream", "mbb.52150..4_aper_upstream", "mba.10370_den_aper_upstream", "mdh.52207_aper_upstream", "mba.52630_den_aper_upstream", "mba.60030_den_aper_upstream", "mba.53570_den_aper_upstream", "qd.52510..4_aper_upstream", "mba.53370_den_aper_upstream", "mba.51170_den_aper_upstream", "mba.52230..2_aper_upstream", "mba.52250_den_aper_upstream", "mba.21170_den_aper_upstream", "mbb.52550..4_aper_upstream", "qf.30010..1_aper_upstream", "mba.60230_den_aper_upstream", "mpsv.61303_aper_upstream", "lod.52702_aper_upstream", "mbb.52470_den_aper_upstream", "mba.52590_den_aper_upstream", "mba.20030_den_aper_upstream", "lsd.62505_aper_upstream", "mba.52230_den_aper_upstream", "mba.61170_den_aper_upstream", "qd.52510..3_aper_upstream", "qfa.61810..1_aper_upstream", "mbb.52070_den_aper_upstream", "lsf.52605_aper_upstream", "mba.62250_dex_aper_upstream", "mbb.62550_dex_aper_upstream", "lod.62702_aper_upstream", "mba.11370_den_aper_upstream", "mba.52390..3_aper_upstream", "lsd.10105_aper_upstream", "mba.52230..1_aper_upstream", "qf.52410..1_aper_upstream", "mba.62970_den_aper_upstream", "qf.60210..1_aper_upstream", "mba.32970_den_aper_upstream", "mba.12390_dex_aper_upstream", "mba.32370_den_aper_upstream", "mba.52590..2_aper_upstream", "mba.43570_den_aper_upstream", "lof.62802_aper_upstream", "mba.52390..4_aper_upstream", "lsd.32505_aper_upstream", "mba.42370_den_aper_upstream", "qf.52610..3_aper_upstream", "qd.52310..2_aper_upstream", "mba.61370_den_aper_upstream", "qf.52610..2_aper_upstream", "qecd.53402..1_aper_upstream", "qecd.53402..4_aper_downstream", "qd.52110..3_aper_upstream", "qf.12410..3_aper_upstream", "mba.52390_dex_aper_upstream", "mbb.52150..3_aper_upstream", "lsf.62405_aper_upstream", "mba.62590..3_aper_upstream", "mba.62590..4_aper_upstream", "mba.60770_den_aper_upstream", "mbb.52550..3_aper_upstream", "mbb.52550_dex_aper_upstream", "mba.23370_den_aper_upstream", "mbb.52090..2_aper_upstream", "mba.53170_den_aper_upstream", "mba.10570_den_aper_upstream", "lsd.41105_aper_upstream", "mba.50570_den_aper_upstream", "mplh.22195_aper_upstream", "mba.13370_den_aper_upstream", "mba.22970_den_aper_upstream", "qf.20010..1_aper_upstream", "qf.12410..1_aper_upstream", "mba.52590..1_aper_upstream", "qf.62810..1_aper_upstream", "qfa.41810..1_aper_upstream", "mbb.52150..1_aper_upstream", "qd.52310..4_aper_upstream", "lod.13502_aper_upstream", "lsf.52405_aper_upstream"],