{"collimator": {"s": [5220.5916], "name": ["tcsm.51932"], "length": [1.83], "n": [6690.0]}, "aperture": {"s": [5229.377805306122, 5254.8365764065575, 5256.97059395266, 5252.283470780327, 5255.523950998236, 5283.055990698609, 5261.300183666078, 5263.898880464208, 5455.974509301391, 5250.68629601369, 5488.332190698609, 798.9456, 5262.478540108955, 6512.25869069861, 5259.729041742244, 5249.302911111111, 5248.114614814815, 5435.059665517277, 5324.411816333922, 5371.457050998236, 112.71809069860977, 5249.66854074074, 5247.747688888889, 5257.5283, 5246.9085, 5408.103114814815, 5308.508502906817, 6526.341342857142, 5278.43579816367, 5275.866736479194, 5246.416585714285, 5407.9203, 1473.0254666666667, 5264.37829069861, 5434.17589818512, 5251.247148372975, 5322.260263721705, 5323.233459891045, 5257.817719535792, 2307.27959069861, 4031.7367, 5342.470872757342, 1150.2536, 6896.2310906986095, 5475.042190698609, 5327.259511070872, 5406.328009136012, 5454.268347368476, 5452.6972054446405, 5315.063690698609, 5311.835144444443, 5277.010022789842, 768.3448074074073, 5327.536565115477, 5410.205485185185, 5320.599511070872, 5423.499665115477, 5423.222611070872, 1984.4403222222224, 6128.286290698609, 5409.200003703704, 1328.6307906986099, 5439.825944444444, 5360.34139069861, 4032.012409090909, 1950.8629, 5693.6172, 5552.327590698609, 4976.368990698609, 5744.313790698609, 5376.65385925926, 5293.758865517277, 6832.23569069861, 5661.8877, 2288.5618906986097, 1152.5000222222225, 2096.57569069861, 3248.49299069861, 5437.811372757342, 2736.5297906986098, 5790.5872, 5378.77259468492, 6704.244890698609, 770.4471777777778, 240.70889069860976, 1136.6445906986098, 1850.200295760337, 5274.982969147037, 5808.309190698609, 5316.573459891045, 1152.2258000000002, 5430.417951627025, 5437.256809301391, 5441.5633333333335, 4592.396490698609, 768.2533999999999, 5421.651469147037, 6192.281690698609, 5693.803333333333, 2654.8123, 5680.31839069861, 5433.095738112484, 5321.234280464208, 5370.475087295839, 3440.4791906986097, 1904.5894906986098, 2672.5342906986098, 1502.895, 5279.565722222222, 1584.61239069861, 6335.5713, 6525.372992358136, 5442.57699734246, 752.6721906986097, 3888.44709069861, 5431.622792558888, 6528.479751851852, 5392.076604650696, 5469.9015, 1150.444657142857, 944.6583906986098, 6587.762536479194, 5346.392900000001, 4784.38269069861, 4272.4194906986095, 766.3687285714286, 6877.8004, 6013.8625, 3824.45169069861, 3056.50679069861, 6586.485983666078, 766.1750584716272, 6015.8767, 4656.391890698609, 5292.285919963682, 6621.8188, 5872.304590698609, 1155.2667920273798, 5318.7337800363175, 6000.29549069861, 6530.59439601369, 6583.736485299368, 2224.56649069861, 5440.557851851851, 5321.723690698609, 6479.90100930139, 6159.745151627025, 5281.483425925926, 3456.0604000000003, 5438.3467375, 6110.5643, 4208.42409069861, 368.6996906986098, 6658.68069468492, 6655.8306999999995, 2032.5802906986098, 5354.710178039847, 5312.658459259259, 1984.1661000000001], "name": ["loen.52002_aper_upstream", "mba.52030..3_aper_upstream", "mba.52030_dex_aper_upstream", "mba.52030..2_aper_upstream", "mba.52030..4_aper_upstream", "mbb.52130_den_aper_upstream", "mba.52050..3_aper_upstream", "mba.52050_dex_aper_upstream", "mba.52650_dex_aper_upstream", "mba.52030_den_aper_upstream", "mba.52770_den_aper_upstream", "lsd.12505_aper_upstream", "mba.52050..4_aper_upstream", "mba.62370_den_aper_upstream", "mba.52050..2_aper_upstream", "qf.52010..3_aper_upstream", "qf.52010..2_aper_upstream", "mba.52590..4_aper_upstream", "mba.52250..3_aper_upstream", "mba.52390..4_aper_upstream", "mba.10370_den_aper_upstream", "qf.52010..4_aper_upstream", "qf.52010..1_aper_upstream", "mba.52050_den_aper_upstream", "mdh.52007_aper_upstream", "qd.52510..2_aper_upstream", "mdh.52207_aper_upstream", "lsf.62405_aper_upstream", "mdv.52107_aper_upstream", "mbb.52090..4_aper_upstream", "lsf.52005_aper_upstream", "qd.52510..1_aper_upstream", "qf.21010..2_aper_upstream", "mbb.52070_den_aper_upstream", "mba.52590..3_aper_upstream", "mba.52030..1_aper_upstream", "mba.52250..1_aper_upstream", "mba.52250..2_aper_upstream", "mba.52050..1_aper_upstream", "mba.30030_den_aper_upstream", "qfa.41810..1_aper_upstream", "lsd.52305_aper_upstream", "loe.13602_aper_upstream", "mba.63570_den_aper_upstream", "mbb.52730_den_aper_upstream", "mba.52250..4_aper_upstream", "lsd.52505_aper_upstream", "mba.52650..4_aper_upstream", "mba.52650..3_aper_upstream", "mba.52230_den_aper_upstream", "qf.52210..1_aper_upstream", "mbb.52090_dex_aper_upstream", "qf.12410..2_aper_upstream", "mba.52250_dex_aper_upstream", "qd.52510..4_aper_upstream", "mba.52230..4_aper_upstream", "mbb.52550_dex_aper_upstream", "mbb.52550..4_aper_upstream", "qf.22610..2_aper_upstream", "mba.61170_den_aper_upstream", "qd.52510..3_aper_upstream", "mba.20570_den_aper_upstream", "qf.52610..1_aper_upstream", "mba.52370_den_aper_upstream", "qfa.41810..2_aper_upstream", "lsd.22505_aper_upstream", "qecd.53402..1_aper_upstream", "mba.52970_den_aper_upstream", "mba.51170_den_aper_upstream", "mba.53570_den_aper_upstream", "qf.52410..2_aper_upstream", "mbb.52150..4_aper_upstream", "mba.63370_den_aper_upstream", "lod.53302_aper_upstream", "mba.23570_den_aper_upstream", "qf.20010..2_aper_upstream", "mba.22970_den_aper_upstream", "mba.32970_den_aper_upstream", "lof.52602_aper_upstream", "mba.31370_den_aper_upstream", "lsd.60105_aper_upstream", "mba.52430_den_aper_upstream", "mba.62970_den_aper_upstream", "qf.12410..4_aper_upstream", "mba.10770_den_aper_upstream", "mba.13570_den_aper_upstream", "mplh.22195_aper_upstream", "mbb.52090..3_aper_upstream", "mba.60170_den_aper_upstream", "mba.52230..2_aper_upstream", "qf.20010..1_aper_upstream", "mba.52570_dex_aper_upstream", "mba.52590_dex_aper_upstream", "qf.52610..3_aper_upstream", "mba.43570_den_aper_upstream", "qf.12410..1_aper_upstream", "mbb.52550..3_aper_upstream", "mba.61370_den_aper_upstream", "qecd.53402..4_aper_downstream", "lsd.31105_aper_upstream", "mba.53370_den_aper_upstream", "mba.52590..2_aper_upstream", "mba.52230_dex_aper_upstream", "mba.52390..3_aper_upstream", "mba.33570_den_aper_upstream", "mba.22370_den_aper_upstream", "mba.31170_den_aper_upstream", "lsd.21105_aper_upstream", "qd.52110..1_aper_upstream", "mba.21370_den_aper_upstream", "qfa.61810..1_aper_upstream", "lse.62402_aper_upstream", "mba.52630_den_aper_upstream", "mba.12370_den_aper_upstream", "mba.41370_den_aper_upstream", "mba.52590..1_aper_upstream", "qf.62410..2_aper_upstream", "mbb.52470_den_aper_upstream", "lod.52702_aper_upstream", "lsf.13605_aper_upstream", "mba.12970_den_aper_upstream", "mba.62590..4_aper_upstream", "qd.52310..4_aper_upstream", "mba.50570_den_aper_upstream", "mba.42570_den_aper_upstream", "lsf.12405_aper_upstream", "lod.63502_aper_upstream", "lof.60802_aper_upstream", "mba.41170_den_aper_upstream", "mba.32370_den_aper_upstream", "mba.62590..3_aper_upstream", "lse.12402_aper_upstream", "qf.60810..1_aper_upstream", "mba.50170_den_aper_upstream", "mbb.52150..3_aper_upstream", "lod.62702_aper_upstream", "mba.60370_den_aper_upstream", "mba.20030_den_aper_upstream", "mba.52230..3_aper_upstream", "mba.60770_den_aper_upstream", "mba.62430_den_aper_upstream", "mba.62590..2_aper_upstream", "mba.23370_den_aper_upstream", "qf.52610..2_aper_upstream", "mba.52250_den_aper_upstream", "mba.62250_dex_aper_upstream", "mba.61250_dex_aper_upstream", "qd.52110..3_aper_upstream", "qf.40010..1_aper_upstream", "lsf.52605_aper_upstream", "lsd.61105_aper_upstream", "mba.42370_den_aper_upstream", "mba.11170_den_aper_upstream", "mba.62830_den_aper_upstream", "qf.62810..1_aper_upstream", "mba.22770_den_aper_upstream", "mbb.52350..2_aper_upstream", "qf.52210..2_aper_upstream", "qf.22610..1_aper_upstream"],