{"collimator": {"s": [5220.5916], "name": ["tcsm.51932"], "length": [1.83], "n": [3227.0]}, "aperture": {"s": [5258.1754348845225, 5273.117238112483, 5261.496576406557, 5223.200403673469, 5257.060022789842, 2304.1431000000002, 6519.839281669608, 5250.78179468492, 5255.523950998236, 5263.264111070872, 5249.302911111111, 5488.332190698609, 5257.728290698609, 5250.125577777778, 5872.304590698609, 5254.934772776797, 5259.434452631524, 5283.055990698609, 5325.982958257756, 5263.451736278294, 112.71809069860977, 5252.578059891045, 5246.9085, 5312.658459259259, 5251.336577210158, 5275.277558257756, 3248.49299069861, 6896.2310906986095, 798.5611169432544, 5324.80460181488, 5434.961469147037, 5454.857525589913, 5277.27830930139, 5281.849055555555, 5693.710266666666, 5278.91808518962, 5475.042190698609, 5409.291411111111, 2096.57569069861, 5406.6168, 1150.2536, 5248.206022222222, 5246.6163, 6512.25869069861, 5327.715422789842, 5323.135263520806, 5469.9015, 5455.706222789842, 5315.886085299368, 6832.23569069861, 5808.309190698609, 3120.50219069861, 5441.380518518518, 5265.200685299368, 6909.8401, 5264.0858046506955, 5442.86349335615, 5314.872693356149, 5371.457050998236, 5247.747688888889, 770.6299925925927, 5358.343443738715, 5321.9919772101575, 5274.590183666078, 6558.5321, 5376.562451851852, 765.9807754148816, 5342.6704, 3632.46539069861, 5822.391229900199, 6335.5713, 5437.811372757342, 1136.6445906986098, 5435.256058257756, 6530.785393356149, 5439.918, 5437.077951627025, 5320.206725589913, 6528.662566666667, 5452.99179455536, 1904.5894906986098, 5321.423704650695, 5392.271595349304, 5378.77259468492, 5311.466922222222, 1072.6491906986098, 5440.740666666667, 5744.313790698609, 3136.0834, 5360.34139069861, 6522.490583666078, 5442.386, 5410.022670370371, 6527.747844444444, 5420.4731127041605, 4208.42409069861, 5432.801149001764, 2306.99309468492, 6653.6316455146825, 2736.5297906986098, 771.1033946849199, 5345.2960111111115, 1851.1999144062318, 1664.182409090909, 67.3448920273798, 4254.6995, 5661.8877, 2288.5618906986097, 5295.330007441112, 6704.244890698609, 768.2533999999999, 1520.61699069861, 5790.5872, 6588.637536278295, 5304.922076162409, 1984.6231370370372, 3824.45169069861, 6524.552707441112, 5693.6172, 2672.5342906986098, 6524.910422789842, 5321.055422789842, 5315.153119535792, 5456.364490698609], "name": ["mba.52050..1_aper_upstream", "mbb.52090..2_aper_upstream", "mba.52050..3_aper_upstream", "loen.52002_aper_upstream", "mba.52030_dex_aper_upstream", "qf.30010..1_aper_upstream", "mba.62390..2_aper_upstream", "mba.52030_den_aper_upstream", "mba.52030..4_aper_upstream", "mba.52050..4_aper_upstream", "qf.52010..3_aper_upstream", "mba.52770_den_aper_upstream", "mba.52050_den_aper_upstream", "qf.52010..4_aper_upstream", "mba.60370_den_aper_upstream", "mba.52030..3_aper_upstream", "mba.52050..2_aper_upstream", "mbb.52130_den_aper_upstream", "mba.52250..4_aper_upstream", "mba.52050_dex_aper_upstream", "mba.10370_den_aper_upstream", "mba.52030..2_aper_upstream", "mdh.52007_aper_upstream", "qf.52210..2_aper_upstream", "mba.52030..1_aper_upstream", "mbb.52090..4_aper_upstream", "mba.32970_den_aper_upstream", "mba.63570_den_aper_upstream", "lsd.12505_aper_upstream", "mba.52250..3_aper_upstream", "mba.52590..3_aper_upstream", "mba.52650..4_aper_upstream", "mbb.52090_dex_aper_upstream", "qd.52110..4_aper_upstream", "qecd.53402..4_aper_downstream", "mdv.52107_aper_upstream", "mbb.52730_den_aper_upstream", "qd.52510..3_aper_upstream", "mba.22970_den_aper_upstream", "lsd.52505_aper_upstream", "loe.13602_aper_upstream", "qf.52010..2_aper_upstream", "lsf.52005_aper_upstream", "mba.62370_den_aper_upstream", "mba.52250_dex_aper_upstream", "mba.52250..2_aper_upstream", "lod.52702_aper_upstream", "mba.52650_dex_aper_upstream", "mba.52230..2_aper_upstream", "mba.63370_den_aper_upstream", "mba.60170_den_aper_upstream", "mba.32570_den_aper_upstream", "qf.52610..3_aper_upstream", "mbb.52070..2_aper_upstream", "loe.63602_aper_upstream", "mbb.52070_den_aper_upstream", "mba.52630_den_aper_upstream", "mba.52230_den_aper_upstream", "mba.52390..4_aper_upstream", "qf.52010..1_aper_upstream", "qf.12410..4_aper_upstream", "mbb.52350..4_aper_upstream", "mba.52250..1_aper_upstream", "mbb.52090..3_aper_upstream", "lsd.62505_aper_upstream", "qf.52410..2_aper_upstream", "lse.12402_aper_upstream", "lsd.52305_aper_upstream", "mba.40570_den_aper_upstream", "lsf.60205_aper_upstream", "qfa.61810..1_aper_upstream", "lof.52602_aper_upstream", "mba.13570_den_aper_upstream", "mba.52590..4_aper_upstream", "mba.62430_den_aper_upstream", "qf.52610..1_aper_upstream", "mba.52590_dex_aper_upstream", "mba.52230..4_aper_upstream", "qf.62410..2_aper_upstream", "mba.52650..3_aper_upstream", "mba.22370_den_aper_upstream", "mba.52250_den_aper_upstream", "mbb.52470_den_aper_upstream", "mba.52430_den_aper_upstream", "qf.52210..1_aper_upstream", "mba.13370_den_aper_upstream", "qf.52610..2_aper_upstream", "mba.53570_den_aper_upstream", "qf.32610..1_aper_upstream", "mba.52370_den_aper_upstream", "mba.62390..3_aper_upstream", "qf.52610..4_aper_upstream", "qd.52510..4_aper_upstream", "qf.62410..1_aper_upstream", "mbb.52550..3_aper_upstream", "mba.42370_den_aper_upstream", "mba.52590..2_aper_upstream", "mba.30030_den_aper_upstream", "lof.62802_aper_upstream", "mba.31370_den_aper_upstream", "mba.12430_den_aper_upstream", "qd.52310..3_aper_upstream", "mplh.22195_aper_upstream", "qfa.21610..2_aper_upstream", "mba.10230_den_aper_upstream", "lsd.42505_aper_upstream", "lod.53302_aper_upstream", "mba.23570_den_aper_upstream", "mbb.52150..4_aper_upstream", "mba.62970_den_aper_upstream", "qf.12410..1_aper_upstream", "mba.21170_den_aper_upstream", "lsd.60105_aper_upstream", "mba.62590_dex_aper_upstream", "mdh.52207_aper_upstream", "qf.22610..2_aper_upstream", "mba.41170_den_aper_upstream", "mba.62390..4_aper_upstream", "qecd.53402..1_aper_upstream", "mba.31170_den_aper_upstream", "mba.62390_dex_aper_upstream", "mba.52230_dex_aper_upstream", "mba.52230..1_aper_upstream", "mbb.52670_den_aper_upstream"], "n": [38.0, 5.0, 65.0, 845.0, 38.0, 1.0, 1.0, 101.0, 76.0, 69.0, 25.0, 72.0, 19.0, 35.0, 1.0, 81.0, 81.0, 63.0, 6.0, 31.0, 8.0, 91.0, 54.0, 2.0, 35.0, 19.0, 1.0, 9.0, 17.0, 5.0, 2.0, 34.0, 9.0, 2.0, 1.0, 12.0, 6.0, 1.0, 3.0, 14.0, 2.0, 3.0, 16.0, 21.0, 4.0, 6.0, 5.0, 13.0, 3.0, 2.0, 9.0, 1.0, 1.0, 1.0, 1.0, 2.0, 3.0, 1.0, 2.0, 8.0, 1.0, 1.0, 3.0, 2.0, 3.0, 1.0, 3.0, 10.0, 1.0, 2.0, 1.0, 2.0, 5.0, 4.0, 1.0, 2.0, 2.0, 1.0, 1.0, 12.0, 1.0, 4.0, 1.0, 3.0, 8.0, 1.0, 1.0, 4.0, 1.0, 4.0, 1.0, 1.0, 3.0, 2.0, 1.0, 1.0, 1.0, 2.0, 1.0, 1.0, 1.0, 1.0, 1.0, 1.0, 1.0, 1.0, 1.0, 1.0, 2.0, 1.0, 1.0, 1.0, 1.0, 1.0, 2.0, 1.0, 1.0, 1.0, 1.0, 1.0, 1.0, 1.0, 1.0, 1.0]}, "machine_length": 6911.5038, "interpolation": 0.1, "reversed": false}