{"collimator": {"s": [5220.591600000126], "name": ["tcsm.51932"], "length": [1.83], "n": [5877.0]}, "aperture": {"s": [5250.978293024084, 5226.702867220043, 5250.243101587428, 5257.328309301517, 5251.542534532281, 798.640959108452, 4272.419490698775, 5454.136249870533, 5247.623300000126, 5258.87099250718, 5257.917988232153, 5257.528300000126, 5488.332190698725, 5283.055990698735, 5253.403377002948, 5274.943222997303, 5437.551300000117, 5324.058777002945, 5245.869390909217, 5263.893460534807, 5248.186434920761, 5249.165800000126, 5321.523700000124, 6128.28629069869, 5250.708300000127, 5439.695194444563, 6557.65961375922, 5247.011466666792, 5822.373400000098, 5277.278309301514, 5406.406800000119, 6704.244890698677, 4258.359500000166, 5441.347873015991, 5375.614100000122, 5278.725170379364, 6621.480300000071, 5310.301716279144, 5423.946809301509, 5455.784811768091, 5342.460400000123, 5316.504488631121, 5358.6099767437745, 4254.489500000165, 5249.851355555682, 6512.258690698688, 5311.618700000124, 5315.063690698735, 5246.8278000001255, 3568.469990698737, 5475.042190698727, 1502.6849999999909, 2672.5342906986507, 5295.956009301515, 5790.3772000001, 5327.414616701261, 5249.655482539809, 5616.32299069872, 5434.325530749413, 5808.309190698709, 5872.304590698705, 5744.313790698713, 5693.470152325453, 5438.516027272844, 5443.054490698729, 5410.035728571549, 1155.272293023956, 4958.437000000129, 5248.6761174604435, 5248.382307936634, 5320.375221634427, 304.7042906986104, 5438.683000000117, 5345.746519047743, 5419.823146253646, 2334.625300000007, 5680.318390698717, 5322.672178365821, 6335.19220000008, 112.71809069860974, 1151.9172999999994, 6832.235690698672, 5292.329173126888, 5315.3482369988615, 6594.881793024032, 5469.563000000116, 6590.4333272728, 5410.611105555676, 5439.609500000118, 6896.231090698669, 5379.059090698732, 5371.522515245184, 765.8247023253505, 829.8821000000028, 5359.192619167843, 2480.5480906986318, 5313.650882539807, 5436.972263001381, 1981.79939999998, 1152.2845619047612, 1520.6169906986, 5264.378290698735, 1456.6215906986013, 1904.5894906985911, 1850.20029576032, 5392.36909069873, 5313.9446920636165, 5440.4664444445625, 5279.792388889013, 5247.708994444571, 3056.5067906986847, 5281.261436508061, 4976.368990698738, 6525.411202325424, 4784.382690698749, 5360.3413906987325, 6192.281690698686, 802.9419055555583, 5314.434374603299, 1950.652899999981, 5312.573580952505, 5406.616800000119, 1152.0886888888883, 5410.329538095359, 6589.272272867666, 6530.976390698687, 1982.185290909071, 5311.985961904886, 3440.4791906987234, 6527.531400000077, 368.69969069861094, 5269.594972867719, 5431.850429599107, 6526.2492090909855, 5373.261409301512, 768.3121619047647, 5827.026890698709, 240.70889069860996, 5280.771753968378, 5409.252236508057, 496.69049069861194, 5441.7396190477375, 802.3665285714312, 6523.4398152451395, 5440.858190476309, 5440.172634920753, 1987.3025906985895, 1983.8575999999803, 2307.279590698615, 5696.056298412805, 1150.7334454545446, 5346.236201587426, 5409.643982539803, 4609.015826984276, 752.6721906986126, 2303.8346000000042, 2288.5618906986124, 5408.860490476311, 1182.7079999999983, 6587.832676743725], "name": ["mba.52030_entry_aper_upstream", "loen.52002_entry_aper_upstream", "qf.52010..7_aper_upstream", "mba.52030..exit_map_aper_upstream", "mba.52030..0_aper_upstream", "lsd.12505_entry_aper_upstream", "mba.42570_entry_aper_upstream", "mba.52650..1_aper_upstream", "qf.52010_entry_aper_upstream", "mba.52050..1_aper_upstream", "mba.52050..0_aper_upstream", "mba.52050..entry_map_aper_upstream", "mba.52770_entry_aper_upstream", "mbb.52130_entry_aper_upstream", "mba.52030..1_aper_upstream", "mbb.52090..1_aper_upstream", "lof.52602_entry_aper_upstream", "mba.52250..1_aper_upstream", "lsf.52005..0_aper_upstream", "mba.52050..exit_map_aper_upstream", "qf.52010..1_aper_upstream", "qf.52010..4_aper_upstream", "mba.52250..entry_map_aper_upstream", "mba.61170_entry_aper_upstream", "qf.52010_exit_aper_downstream", "qf.52610..0_aper_upstream", "lsd.62505_entry_aper_upstream", "mdh.52007_aper_upstream", "lsf.60205_entry_aper_upstream", "mbb.52090..exit_map_aper_upstream", "lsd.52505_entry_aper_upstream", "mba.62970_entry_aper_upstream", "qecd.53402_aper_downstream", "qf.52610..4_aper_upstream", "qf.52410_entry_aper_upstream", "mdv.52107_aper_upstream", "lod.62702_entry_aper_upstream", "mdh.52207_aper_upstream", "mbb.52550..exit_map_aper_upstream", "mba.52650..exit_map_aper_upstream", "lsd.52305_entry_aper_upstream", "mba.52230..1_aper_upstream", "mbb.52350..1_aper_upstream", "lsd.42505_entry_aper_upstream", "qf.52010..6_aper_upstream", "mba.62370_entry_aper_upstream", "qf.52210_entry_aper_upstream", "mba.52230_entry_aper_upstream", "lsf.52005_exit_aper_downstream", "mba.40370_entry_aper_upstream", "mbb.52730_entry_aper_upstream", "lsd.21105_entry_aper_upstream", "mba.31170_entry_aper_upstream", "mbb.52150..exit_map_aper_upstream", "lsd.60105_entry_aper_upstream", "mba.52250..exit_map_aper_upstream", "qf.52010..5_aper_upstream", "mba.53170_entry_aper_upstream", "mba.52590..1_aper_upstream", "mba.60170_entry_aper_upstream", "mba.60370_entry_aper_upstream", "mba.53570_entry_aper_upstream", "qecd.53402_aper_upstream", "lsf.52605..0_aper_upstream", "mba.52630_entry_aper_upstream", "qd.52510..6_aper_upstream", "mba.20030_entry_aper_upstream", "lsd.51105_entry_aper_upstream", "qf.52010..3_aper_upstream", "qf.52010..2_aper_upstream", "mba.52230..exit_map_aper_upstream", "mba.10970_entry_aper_upstream", "lsf.52605_exit_aper_downstream", "qd.52310..5_aper_upstream", "mbb.52550..1_aper_upstream", "lsd.30105_entry_aper_upstream", "mba.53370_entry_aper_upstream", "mba.52250..0_aper_upstream", "qfa.61810_aper_upstream", "mba.10370_entry_aper_upstream", "qf.20010_entry_aper_upstream", "mba.63370_entry_aper_upstream", "mbb.52150..1_aper_upstream", "mba.52230..0_aper_upstream", "mba.62630_entry_aper_upstream", "lod.52702_entry_aper_upstream", "lsf.62605..0_aper_upstream", "qd.52510_exit_aper_downstream", "qf.52610_entry_aper_upstream", "mba.63570_entry_aper_upstream", "mba.52430_entry_aper_upstream", "mba.52390..1_aper_upstream", "lse.12402_entry_aper_upstream", "lof.12602_entry_aper_upstream", "mbb.52350..exit_map_aper_upstream", "mba.30570_entry_aper_upstream", "qf.52210..5_aper_upstream", "mba.52590..exit_map_aper_upstream", "lof.22602_entry_aper_upstream", "qf.20010..1_aper_upstream", "mba.21170_entry_aper_upstream", "mbb.52070_entry_aper_upstream", "mba.20970_entry_aper_upstream", "mba.22370_entry_aper_upstream", "mplh.22195_aper_upstream", "mbb.52470_entry_aper_upstream", "qf.52210..6_aper_upstream", "qf.52610..2_aper_upstream", "qd.52110..0_aper_upstream", "qf.52010..0_aper_upstream", "mba.32370_entry_aper_upstream", "qd.52110..4_aper_upstream", "mba.51170_entry_aper_upstream", "lse.62402_entry_aper_upstream", "mba.50570_entry_aper_upstream", "mba.52370_entry_aper_upstream", "mba.61370_entry_aper_upstream", "qd.12510_exit_aper_downstream", "qf.52210..7_aper_upstream", "lsd.22505_entry_aper_upstream", "qf.52210..2_aper_upstream", "lsd.52505..0_aper_upstream", "qf.20010..0_aper_upstream", "qd.52510..7_aper_upstream", "lof.62602_entry_aper_upstream", "mba.62430_entry_aper_upstream", "lsf.22605..0_aper_upstream", "qf.52210..1_aper_upstream", "mba.33570_entry_aper_upstream", "qf.62410_entry_aper_upstream", "mba.11170_entry_aper_upstream", "mbb.52070..1_aper_upstream", "mba.52590..0_aper_upstream", "lsf.62405..0_aper_upstream", "mba.52390..exit_map_aper_upstream", "qf.12410..1_aper_upstream", "mba.60230_entry_aper_upstream", "mba.10770_entry_aper_upstream", "qd.52110..3_aper_upstream", "qd.52510..4_aper_upstream", "mba.11570_entry_aper_upstream", "qf.52610..5_aper_upstream", "qd.12510..6_aper_upstream", "mba.62390..1_aper_upstream", "qf.52610..3_aper_upstream", "qf.52610..1_aper_upstream", "mba.22630_entry_aper_upstream", "qf.22610_entry_aper_upstream", "mba.30030_entry_aper_upstream", "qf.53410..1_aper_upstream", "lsf.13605..0_aper_upstream", 