{
 "collimator": {
  "s": [
   5219.6765999999625
  ],
  "name": [
   "tcsm.51932"
  ],
  "length": [
   1.83
  ],
  "n": [
   3102.0
  ]
 },
 "aperture": {
  "s": [
   112.52470000000011,
   413.82399999999615,
   445.9281999999964,
   797.7961999999775,
   799.5901999999776,
   1759.4112999998586,
   2333.6862000000524,
   3167.420200000593,
   3999.25050000122,
   4063.2459000012204,
   4253.5481000010695,
   5221.507200000177,
   5223.614000000177,
   5229.059000000177,
   5229.196000000177,
   5234.895000000177,
   5239.578000000177,
   5239.7150000001775,
   5240.267000000177,
   5240.404000000177,
   5240.957200000178,
   5241.479000000177,
   5243.291000000177,
   5243.741000000177,
   5243.927000000177,
   5244.776200000178,
   5244.914000000177,
   5245.476000000177,
   5245.576000000177,
   5246.336600000178,
   5246.337200000178,
   5246.898000000179,
   5246.978900000179,
   5247.227700000179,
   5247.25390000018,
   5250.873700000178,
   5250.874900000179,
   5251.068290698749,
   5251.694292559026,
   5252.320294419303,
   5252.94629627958,
   5253.572298139857,
   5254.198300000134,
   5254.824301860413,
   5255.45030372069,
   5256.076305580967,
   5256.702307441244,
   5257.328309301521,
   5257.53370000017,
   5257.728290698739,
   5258.354292559016,
   5258.980294419293,
   5259.60629627957,
   5260.232298139847,
   5260.858300000126,
   5261.484301860403,
   5262.11030372068,
   5262.736305580957,
   5263.362307441234,
   5263.988309301511,
   5264.193700000162,
   5274.774301860385,
   5275.400303720662,
   5276.026305580939,
   5276.652307441216,
   5277.278309301493,
   5277.473700000145,
   5277.474900000146,
   5278.895400000145,
   5282.871400000145,
   5282.872600000145,
   5295.330007441199,
   5306.1894000001275,
   5306.850600000129,
   5309.4704000001275,
   5309.889300000129,
   5310.893100000128,
   5310.974300000128,
   5311.249300000129,
   5311.524300000128,
   5314.869100000127,
   5320.071705580912,
   5320.697707441189,
   5323.601696279516,
   5324.8537000000715,
   5325.4797018603485,
   5326.105703720626,
   5326.731705580903,
   5327.983709301457,
   5328.373690698676,
   5338.76970186033,
   5341.273709301438,
   5341.4703000000945,
   5341.645000000095,
   5346.866800000092,
   5370.757401860294,
   5373.261409301402,
   5379.05909069862,
   5392.185700000043,
   5392.369090698602,
   5405.465400000026,
   5410.862200000025,
   5423.946809301347,
   5436.630807441052,
   5437.256809301329,
   5437.569899999992,
   5438.231199999993,
   5439.240099999994,
   5442.859899999992,
   5453.470501860203,
   5454.09650372048,
   5454.722505580757,
   5455.348507441034,
   5455.974509301311,
   5456.364490698529,
   5469.460799999961,
   5474.858799999959,
   5488.138799999943,
   5501.565299999926,
   5789.4380999996265,
   5808.115799999609,
   5821.542299999593,
   5823.486299999593,
   5827.026890698114,
   5853.43319999956,
   6000.101999999408,
   6111.208899999294,
   6141.51939999926,
   6173.585299999228,
   6175.204299999226,
   6205.407999999193,
   6206.828499999191,
   6303.08509999914,
   6307.094899999139,
   6311.293099999139,
   6314.581599999139,
   6367.080499999138,
   6557.382699998984,
   6621.378099998917
  ],
  "name": [
   "veba.10370.a_aper",
   "vcak.11301.a_aper",
   "vttb.11402.b_aper",
   "vcak.12501.a_aper",
   "bpcn.12508.a_aper",
   "veqa.21910.a_aper",
   "vcak.30101.a_aper",
   "bpcn.32708.a_aper",
   "veqa.41710.a_aper",
   "veqa.41910.a_aper",
   "vcak.42501.a_aper",
   "vcyc.51934.a_aper",
   "vcyc.51934.b_aper",
   "vcal.51939.b_aper",
   "vbba.51955.b_aper",
   "vcal.51956.b_aper",
   "vcal.51974.b_aper",
   "vbba.51991.b_aper",
   "vcab.51991.b_aper",
   "vbba.51992.b_aper",
   "vbba.51993.a_aper",
   "vcab.51994.b_aper",
   "vcaa.51994.b_aper",
   "tqcd.51997.b_aper",
   "vmfo.51997.b_aper",
   "vbbc.51998.a_aper",
   "vbbc.51998.b_aper",
   "bpmbh.51999.b_aper",
   "vttm.52002.b_aper",
   "vttm.52002.c_aper",
   "vtte.52005.a_aper",
   "vtte.52005.b_aper",
   "mdh.52007.a_aper",
   "mdh.52007.b_aper",
   "bph.52008.a_aper",
   "veqf.52010.b_aper",
   "veba.52030.a_aper",
   "mba.52030..0_aper2",
   "mba.52030..1_aper2",
   "mba.52030..2_aper2",
   "mba.52030..3_aper2",
   "mba.52030..4_aper2",
   "mba.52030..5_aper2",
   "mba.52030..6_aper2",
   "mba.52030..7_aper2",
   "mba.52030..8_aper2",
   "mba.52030..9_aper2",
   "mba.52030..10_aper2",
   "veba.52030.b_aper",
   "mba.52050..0_aper2",
   "mba.52050..1_aper2",
   "mba.52050..2_aper2",
   "mba.52050..3_aper2",
   "mba.52050..4_aper2",
   "mba.52050..5_aper2",
   "mba.52050..6_aper2",
   "mba.52050..7_aper2",
   "mba.52050..8_aper2",
   "mba.52050..9_aper2",
   "mba.52050..10_aper2",
   "veba.52050.b_aper",
   "mbb.52090..6_aper2",
   "mbb.52090..7_aper2",
   "mbb.52090..8_aper2",
   "mbb.52090..9_aper2",
   "mbb.52090..10_aper2",
   "vebb.52090.b_aper",
   "vcak.52101.a_aper",
   "vcak.52101.b_aper",
   "veqd.52110.b_aper",
   "vebb.52130.a_aper",
   "mbb.52150..9_aper2",
   "vcab.52193.b_aper",
   "vmfo.52196.a_aper",
   "vdbw.52198.b_aper",
   "vcaa.52204.a_aper",
   "vcaa.52204.b_aper",
   "mdh.52207.a_aper",
   "bph.52208.a_aper",
   "veqf.52210.a_aper",
   "veqf.52210.b_aper",
   "mba.52230..8_aper2",
   "mba.52230..9_aper2",
   "mba.52250..3_aper2",
   "mba.52250..5_aper2",
   "mba.52250..6_aper2",
   "mba.52250..7_aper2",
   "mba.52250..8_aper2",
   "mba.52250..10_aper2",
   "mbb.52270..0_aper2",
   "mbb.52290..6_aper2",
   "mbb.52290..10_aper2",
   "vvsa.52301.a_aper",
   "vcad.52303.a_aper",
   "veqd.52310.b_aper",
   "mba.52390..6_aper2",
   "mba.52390..10_aper2",
   "mba.52430..0_aper2",
   "vebb.52470.a_aper",
   "mbb.52470..0_aper2",
   "vcak.52501.a_aper",
   "veqd.52510.b_aper",
   "mbb.52550..10_aper2",
   "mba.52590..9_aper2",
   "mba.52590..10_aper2",
   "vttc.52602.b_aper",
   "lof.52602.b_aper",
   "bph.52608.a_aper",
   "veqf.52610.b_aper",
   "mba.52650..6_aper2",
   "mba.52650..7_aper2",
   "mba.52650..8_aper2",
   "mba.52650..9_aper2",
   "mba.52650..10_aper2",
   "mbb.52670..0_aper2",
   "vcad.52702.a_aper",
   "vebb.52730.a_aper",
   "veba.52770.a_aper",
   "vttc.52802.b_aper",
   "vcak.60101.a_aper",
   "veba.60170.a_aper",
   "vttc.60201.b_aper",
   "bph.60208.b_aper",
   "mba.60230..0_aper2",
   "vcad.60302.a_aper",
   "veba.60770.a_aper",
   "bpcn.61108.a_aper",
   "vttc.61201.b_aper",
   "vcad.61303.a_aper",
   "bpcn.61308.a_aper",
   "vttw.61402.a_aper",
   "vttw.61402.b_aper",
   "veqa.61710.a_aper",
   "veqa.61710.b_aper",
   "vvgst.61737.a_aper",
   "vvgst.61752.a_aper",
   "veqa.61910.a_aper",
   "vcak.62501.a_aper",
   "vcad.62702.a_aper"
  ],
  "n": [
   1.0,
   1.0,
   1.0,
   15.0,
   15.0,
   10.0,
   1.0,
   1.0,
   1.0,
   8.0,
   1.0,
   49.0,
   120.0,
   88.0,
   4.0,
   111.0,
   56.0,
   1.0,
   8.0,
   1.0,
   5.0,
   5.0,
   13.0,
   2.0,
   1.0,
   4.0,
   3.0,
   5.0,
   232.0,
   8.0,
   33.0,
   12.0,
   25.0,
   2.0,
   1.0,
   21.0,
   16.0,
   5.0,
   9.0,
   21.0,
   10.0,
   19.0,
   14.0,
   12.0,
   5.0,
   18.0,
   19.0,
   8.0,
   2.0,
   7.0,
   10.0,
   12.0,
   17.0,
   9.0,
   7.0,
   8.0,
   11.0,
   16.0,
   14.0,
   16.0,
   1.0,
   4.0,
   2.0,
   5.0,
   4.0,
   9.0,
   2.0,
   20.0,
   1.0,
   4.0,
   24.0,
   1.0,
   1.0,
   1.0,
   3.0,
   1.0,
   2.0,
   3.0,
   2.0,
   7.0,
   1.0,
   1.0,
   1.0,
   3.0,
   2.0,
   2.0,
   1.0,
   2.0,
   2.0,
   1.0,
   1.0,
   1.0,
   2.0,
   11.0,
   4.0,
   1.0,
   1.0,
   3.0,
   1.0,
   1.0,
   5.0,
   3.0,
   1.0,
   1.0,
   4.0,
   2.0,
   1.0,
   1.0,
   2.0,
   2.0,
   2.0,
   6.0,
   5.0,
   4.0,
   1.0,
   7.0,
   2.0,
   12.0,
   1.0,
   5.0,
   3.0,
   1.0,
   1.0,
   1.0,
   1.0,
   2.0,
   2.0,
   1.0,
   2.0,
   3.0,
   31.0,
   2.0,
   18.0,
   3.0,
   3.0,
   4.0,
   11.0,
   1.0,
   1.0
  ]
 },
 "machine_length": 6911.50379999983,
 "interpolation": 0.1,
 "reversed": false
}