{"collimator": {"s": [5220.5916], "name": ["tcsm.51932"], "length": [1.83], "n": [352.0]}, "aperture": {"s": [5226.588011020408, 5252.970845372004, 5255.622147368475, 5258.264863721705, 5488.332190698609, 5263.067718330392, 798.6572377074408, 5342.371109136012, 5455.152114700632, 5246.8111, 5283.055990698609, 5254.934772776797, 5250.68629601369, 5319.421154627996, 5259.336256261285, 5324.70640544464, 5261.201987295839, 5257.428304650695, 6110.5643, 5251.515434884523, 5406.135481893354, 5359.683122789842, 5360.34139069861, 5277.27830930139, 5257.149451627025, 5322.260263721705, 5453.188187295839, 5808.309190698609, 5311.651033333333, 5276.652307441112, 1136.6445906986098, 6192.281690698609, 5263.451736278294, 5249.759948148148, 5435.550647368475, 5823.890399999999, 5294.937221960153, 6479.722151627025, 5295.687722789842, 5408.103114814815, 5475.042190698609, 5408.925781481482, 5392.369090698609, 5246.6163, 5248.663059259259, 5322.938870780326, 5264.37829069861, 5442.86349335615, 5407.640978571429, 5248.845874074073], "name": ["loen.52002_aper_upstream", "mba.52030..2_aper_upstream", "mba.52030..4_aper_upstream", "mba.52050..1_aper_upstream", "mba.52770_den_aper_upstream", "mba.52050..4_aper_upstream", "lsd.12505_aper_upstream", "lsd.52305_aper_upstream", "mba.52650..4_aper_upstream", "mdh.52007_aper_upstream", "mbb.52130_den_aper_upstream", "mba.52030..3_aper_upstream", "mba.52030_den_aper_upstream", "mba.52230..4_aper_upstream", "mba.52050..2_aper_upstream", "mba.52250..3_aper_upstream", "mba.52050..3_aper_upstream", "mba.52050_den_aper_upstream", "lsd.61105_aper_upstream", "mba.52030..1_aper_upstream", "lsd.52505_aper_upstream", "mbb.52350_dex_aper_upstream", "mba.52370_den_aper_upstream", "mbb.52090_dex_aper_upstream", "mba.52030_dex_aper_upstream", "mba.52250..1_aper_upstream", "mba.52650..3_aper_upstream", "mba.60170_den_aper_upstream", "qf.52210..1_aper_upstream", "mbb.52090..4_aper_upstream", "mba.13570_den_aper_upstream", "mba.61370_den_aper_upstream", "mba.52050_dex_aper_upstream", "qf.52010..4_aper_upstream", "mba.52590..4_aper_upstream", "qf.60210..1_aper_upstream", "mbb.52150..4_aper_upstream", "mba.62250_dex_aper_upstream", "mbb.52150_dex_aper_upstream", "qd.52510..2_aper_upstream", "mbb.52730_den_aper_upstream", "qd.52510..3_aper_upstream", "mbb.52470_den_aper_upstream", "lsf.52005_aper_upstream", "qf.52010..2_aper_upstream", "mba.52250..2_aper_upstream", "mbb.52070_den_aper_upstream", "mba.52630_den_aper_upstream", "qd.52510..1_aper_upstream", "qf.52010..3_aper_upstream"], "n": [88.0, 12.0, 13.0, 4.0, 11.0, 9.0, 4.0, 2.0, 4.0, 4.0, 8.0, 10.0, 13.0, 3.0, 7.0, 2.0, 10.0, 3.0, 1.0, 4.0, 3.0, 1.0, 1.0, 1.0, 2.0, 1.0, 1.0, 2.0, 1.0, 1.0, 1.0, 1.0, 3.0, 4.0, 1.0, 1.0, 1.0, 1.0, 1.0, 1.0, 1.0, 1.0, 1.0, 2.0, 1.0, 1.0, 1.0, 1.0, 1.0, 1.0]}, "machine_length": 6911.5038, "interpolation": 0.1, "reversed": false}