{"collimator": {"s": [5220.5916], "name": ["tcsm.51932"], "length": [1.83], "n": [33213.0]}, "aperture": {"s": [5229.178534285714, 5244.223496326531, 5250.68629601369, 5251.604863721705, 5252.087078039847, 5262.674932849433, 5346.027270370371, 5255.131165517277, 798.8494792358136, 5257.5283, 5259.336256261285, 5680.31839069861, 5342.6704, 5309.106240697551, 5455.706222789842, 5311.651033333333, 5316.082478039847, 5406.424272757341, 5276.259521960153, 5318.340994555359, 5261.398380036318, 5247.0059, 5249.302911111111, 5488.332190698609, 5373.082551627025, 5254.640183666078, 5246.017157142857, 832.2488, 6896.2310906986095, 5247.471522222222, 5257.996577210158, 5249.942762962963, 5282.123277777778, 5326.768529219673, 5257.238880464208, 5454.464740108955, 1150.1551727573415, 5283.055990698609, 5437.626518272024, 5263.720022789842, 5274.19739818512, 5276.741736278294, 446.9708, 5319.421154627996, 6512.25869069861, 5321.144851627025, 5360.34139069861, 5373.552833886509, 5368.511159891045, 766.0779169432544, 5359.227211070872, 5248.388837037037, 5264.280795349305, 5325.393780036317, 5408.5601518518515, 5376.562451851852, 5369.689516333922, 1520.61699069861, 1950.8629, 1904.5894906986098, 6832.23569069861, 5314.872693356149, 5433.193934482723, 3056.50679069861, 5434.470487295839, 3440.4791906986097, 5322.447888929128, 5372.0462292196735, 5278.72517037924, 771.3898906986097, 2096.57569069861, 752.6721906986097, 6621.8188, 6704.244890698609, 5436.630807441112, 5292.187723593443, 112.71809069860977, 768.2533999999999, 5392.076604650696, 5273.117238112483, 5322.081406047339, 5378.581597342461, 5312.567051851851, 5693.6172, 5315.510834884522, 304.7042906986098, 4208.42409069861, 1502.895, 769.6245111111111, 5327.62599395266, 5375.9226, 5452.599009074401, 4336.414890698609, 5808.309190698609, 6558.435979235814, 4254.6995, 5410.3883000000005, 5437.256809301391, 1155.1712933561498, 5661.8877, 5824.256029629629, 4592.396490698609, 5694.1756, 766.4652571428571, 5313.938162962962, 5439.918, 5345.478825925927, 5431.533363721705, 5438.3467375, 5374.134457142857, 6479.90100930139, 5440.740666666667, 5376.836674074074, 5616.32299069861, 5366.422551627025, 4976.368990698609, 6525.761558471627, 5790.5872, 5280.569351851851, 3632.46539069861, 4720.38729069861, 5321.723690698609, 1851.3998381354106, 1136.6445906986098, 6640.249490698609, 5475.042190698609, 5294.6426328494335, 2307.27959069861, 5313.572533333333, 5442.67249601369, 5423.58909395266, 1982.7720125, 765.23449395266, 6000.29549069861, 830.2346, 5279.747611111111, 1456.62159069861, 6128.286290698609, 2302.7490125, 5342.9599, 4272.4194906986095, 5328.37369069861, 5289.964277210158, 5469.71950265754, 5355.495749001764, 5291.402152631525, 5333.713118330393, 5270.638309301391, 5281.574833333333, 4528.40109069861, 1152.3172074074075, 4611.1141906986095, 5420.8658981851195, 768.5276222222221, 5503.9133999999995, 6877.8004, 1150.8267714285714, 2304.782951851852, 5367.180248372975, 1982.1519, 4606.478529900199, 368.6996906986098, 5409.200003703704, 6335.5713, 3184.4975906986097, 3120.50219069861, 944.6583906986098, 5267.4592018148805, 5744.313790698609, 2288.5618906986097, 4222.0231, 6336.4903303030305, 5295.687722789842, 6522.588780036318, 2480.54809069861, 5552.327590698609, 6589.8211, 5364.698854627996, 5695.8996, 3248.49299069861, 5422.535236479193, 6591.926707407407, 3454.279257142857, 1152.2258000000002, 5289.137151627025, 5872.304590698609, 5407.175442857143, 816.6675906986097, 5725.8831, 802.4448777777778, 3888.44709069861, 3102.7802, 2032.5802906986098, 770.5385851851852, 5357.656069147037, 3134.0692, 6192.281690698609, 6526.1482857142855, 3106.1880703703705, 5344.747566666667, 6015.8767, 1987.20709202738, 3760.45619069861, 2302.1289, 5271.018290698609, 6523.5707437387155], "name": ["loen.52002_aper_upstream", "loen.52002_aper_upstream", "mba.52030_den_aper_upstream", "mba.52030..1_aper_upstream", "mba.52030..2_aper_upstream", "mba.52050..4_aper_upstream", "qd.52310..4_aper_upstream", "mba.52030..4_aper_upstream", "lsd.12505_aper_upstream", "mba.52050_den_aper_upstream", "mba.52050..2_aper_upstream", "mba.53370_den_aper_upstream", "lsd.52305_aper_upstream", "mdh.52207_aper_upstream", "mba.52650_dex_aper_upstream", "qf.52210..1_aper_upstream", "mba.52230..2_aper_upstream", "lsd.52505_aper_upstream", "mbb.52090..4_aper_upstream", "mba.52230..3_aper_upstream", "mba.52050..3_aper_upstream", "mdh.52007_aper_upstream", "qf.52010..3_aper_upstream", "mba.52770_den_aper_upstream", "mba.52390_dex_aper_upstream", "mba.52030..3_aper_upstream", "lsf.52005_aper_upstream", "qf.12610..1_aper_upstream", "mba.63570_den_aper_upstream", "qf.52010..1_aper_upstream", "mba.52050..1_aper_upstream", "qf.52010..4_aper_upstream", "qd.52110..4_aper_upstream", "mba.52250..4_aper_upstream", "mba.52030_dex_aper_upstream", "mba.52650..4_aper_upstream", "loe.13602_aper_upstream", "mbb.52130_den_aper_upstream", "lof.52602_aper_upstream", "mba.52050_dex_aper_upstream", "mbb.52090..3_aper_upstream", "mbb.52090_dex_aper_upstream", "lsf.11405_aper_upstream", "mba.52230..4_aper_upstream", "mba.62370_den_aper_upstream", "mba.52230_dex_aper_upstream", "mba.52370_den_aper_upstream", "lse.52402_aper_upstream", "mba.52390..2_aper_upstream", "lse.12402_aper_upstream", "mbb.52350..4_aper_upstream", "qf.52010..2_aper_upstream", "mbb.52070_den_aper_upstream", "mba.52250..3_aper_upstream", "qd.52510..2_aper_upstream", "qf.52410..2_aper_upstream", "mba.52390..3_aper_upstream", "mba.21170_den_aper_upstream", "lsd.22505_aper_upstream", "mba.22370_den_aper_upstream", "mba.63370_den_aper_upstream", "mba.52230_den_aper_upstream", "mba.52590..2_aper_upstream", "mba.32370_den_aper_upstream", "mba.52590..3_aper_upstream", "mba.33570_den_aper_upstream", "mba.52250..2_aper_upstream", "mba.52390..4_aper_upstream", "mdv.52107_aper_upstream", "mba.12430_den_aper_upstream", "mba.22970_den_aper_upstream", "mba.12370_den_aper_upstream", "lod.62702_aper_upstream", "mba.62970_den_aper_upstream", "mba.52590..4_aper_upstream", "mbb.52150..3_aper_upstream", "mba.10370_den_aper_upstream", "qf.12410..1_aper_upstream", "mbb.52470_den_aper_upstream", "mbb.52090..2_aper_upstream", "mba.52250..1_aper_upstream", "mba.52430_den_aper_upstream", "qf.52210..2_aper_upstream", "qecd.53402..1_aper_upstream", "mba.52230..1_aper_upstream", "mba.10970_den_aper_upstream", "mba.42370_den_aper_upstream", "lsd.21105_aper_upstream", "qf.12410..3_aper_upstream", "mba.52250_dex_aper_upstream", "qf.52410..1_aper_upstream", "mba.52650..3_aper_upstream", "mba.42770_den_aper_upstream", "mba.60170_den_aper_upstream", "lsd.62505_aper_upstream", "lsd.42505_aper_upstream", "qd.52510..4_aper_upstream", "mba.52590_dex_aper_upstream", "mba.20030_den_aper_upstream", "lod.53302_aper_upstream", "qf.60210..2_aper_upstream", "mba.43570_den_aper_upstream", "qecd.53402..4_aper_downstream", "lsf.12405_aper_upstream", "qf.52210..4_aper_upstream", "qf.52610..1_aper_upstream", "qd.52310..3_aper_upstream", "mba.52590..1_aper_upstream", "lsf.52605_aper_upstream", "lsf.52405_aper_upstream", "mba.62250_dex_aper_upstream", "qf.52610..2_aper_upstream", "qf.52410..3_aper_upstream", "mba.53170_den_aper_upstream", "mba.52370_dex_aper_upstream", "mba.51170_den_aper_upstream", "lse.62402_aper_upstream", "lsd.60105_aper_upstream", "qd.52110..2_aper_upstream", "mba.40570_den_aper_upstream", "mba.50370_den_aper_upstream", "mba.52250_den_aper_upstream", "mplh.22195_aper_upstream", "mba.13570_den_aper_upstream", "mba.62770_den_aper_upstream", "mbb.52730_den_aper_upstream", "mbb.52150..4_aper_upstream", "mba.30030_den_aper_upstream", "qf.52210..3_aper_upstream", "mba.52630_den_aper_upstream", "mbb.52550_dex_aper_upstream", "lsf.22605_aper_upstream", "mba.12390_dex_aper_upstream", "mba.60770_den_aper_upstream", "lof.12602_aper_upstream", "qd.52110..1_aper_upstream", "mba.20970_den_aper_upstream", "mba.61170_den_aper_upstream", "lsf.23605_aper_upstream", "qd.52310..1_aper_upstream", "mba.42570_den_aper_upstream", "mbb.52270_den_aper_upstream", 