{"collimator": {"s": [5220.5916], "name": ["tcsm.51932"], "length": [1.83], "n": [10580.0]}, "aperture": {"s": [5226.986553061224, 5260.318219963682, 5252.087078039847, 5251.694292558888, 5283.055990698609, 5455.152114700632, 5488.332190698609, 5259.336256261285, 5253.560023593443, 5392.369090698609, 5469.81050132877, 5261.889361887516, 5246.9085, 5250.78179468492, 5318.04640544464, 5360.34139069861, 5256.211325589913, 5311.190755555555, 5250.216985185185, 112.71809069860977, 5257.728290698609, 5263.9883093013905, 5437.718945514683, 5406.135481893354, 5258.08600604734, 5276.554111070872, 6335.5713, 5256.881165115477, 5300.538665697022, 798.9456, 5455.885080464208, 1136.6445906986098, 5475.042190698609, 5278.91808518962, 6000.29549069861, 5248.845874074073, 2304.1431000000002, 5323.233459891045, 5410.3883000000005, 5453.580972776797, 2304.5087296296297, 5808.309190698609, 5246.6163, 5327.894280464207, 5325.688369147037, 5248.0232074074065, 5276.741736278294, 5552.327590698609, 5321.623695349304, 1520.61699069861, 2306.99309468492, 5872.304590698609, 5694.082533333333, 5274.786576406557, 5247.747688888889, 3568.4699906986098, 6512.25869069861, 5322.349692558888, 4592.396490698609, 2288.5618906986097, 5342.57063637867, 5421.356880036317, 5440.100814814815, 5354.04910604734, 64.3039, 5326.964921960152, 6832.23569069861, 5312.018607407406, 6896.2310906986095, 6704.244890698609, 1150.2536, 5319.912136479194, 3056.50679069861, 2672.5342906986098, 2224.56649069861, 368.6996906986098, 2096.57569069861, 5436.3362183303925, 1150.8267714285714, 5358.343443738715, 5343.4424, 3440.4791906986097, 5693.522502325348, 6173.8915, 5434.372290925599, 6653.724072757342, 5680.31839069861, 1950.8629, 6621.7278013287705, 5422.928021960152, 769.8987333333333, 5264.280795349305, 5282.306092592593, 5790.5872, 5366.511980464208, 1155.2667920273798, 2305.697025925926, 6336.2146212121215, 5407.640978571429, 1904.5894906986098, 2302.1289, 5439.918, 5432.899345372004, 6558.5321, 5267.4592018148805, 5371.162461887517, 5369.885909074401, 5315.42140604734, 4976.368990698609, 5822.391229900199, 6479.453865115477, 5372.814265115478, 6530.976390698609, 5320.787136278294, 5936.29999069861, 3184.4975906986097, 766.0779169432544, 2654.8123, 5616.32299069861, 5423.94680930139, 5356.968694555359, 768.2533999999999, 5430.7968, 3824.45169069861, 5436.720236278295, 1152.2258000000002, 1648.60789069861, 0.3085, 766.5617857142857, 4031.7367, 1072.6491906986098, 5438.080975, 1328.6307906986099, 31.0007, 5279.383833333333, 304.7042906986098, 768.8018444444444, 3632.46539069861, 6192.281690698609, 5293.267883666078, 5295.0354183303925, 5271.465434884522, 6655.8306999999995, 5408.925781481482, 5378.9635920273795, 4208.42409069861, 5440.923481481482, 6128.286290698609, 5375.646433333333, 3136.4490296296294, 3248.49299069861, 5424.33679069861, 3102.7802, 5328.37369069861, 1982.1519, 5431.175648372975, 5744.313790698609, 5633.458125925927, 5823.890399999999, 6527.8399, 6589.8211, 6523.963529219674, 752.6721906986097, 6588.351714700632, 5442.76799468492, 4272.4194906986095, 5661.8877, 763.8860473684756, 2736.5297906986098, 1502.895, 6671.887209301391, 414.9731, 5316.966245372004, 5315.063690698609, 4784.38269069861, 5313.298311111111, 5451.813438112484, 5265.593470780327, 4400.410290698609, 1987.11159335615, 6591.559133333333, 2352.55729069861, 4254.6995, 5270.8283], "name": ["loen.52002_aper_upstream", "mba.52050..3_aper_upstream", "mba.52030..2_aper_upstream", "mba.52030..1_aper_upstream", "mbb.52130_den_aper_upstream", "mba.52650..4_aper_upstream", "mba.52770_den_aper_upstream", "mba.52050..2_aper_upstream", "mba.52030..3_aper_upstream", "mbb.52470_den_aper_upstream", "lod.52702_aper_upstream", "mba.52050..4_aper_upstream", "mdh.52007_aper_upstream", "mba.52030_den_aper_upstream", "mba.52230..3_aper_upstream", "mba.52370_den_aper_upstream", "mba.52030..4_aper_upstream", "qf.52210..1_aper_upstream", "qf.52010..4_aper_upstream", "mba.10370_den_aper_upstream", "mba.52050_den_aper_upstream", "mba.52050_dex_aper_upstream", "lof.52602_aper_upstream", "lsd.52505_aper_upstream", "mba.52050..1_aper_upstream", "mbb.52090..4_aper_upstream", "qfa.61810..1_aper_upstream", "mba.52030_dex_aper_upstream", "mdh.52207_aper_upstream", "lsd.12505_aper_upstream", "mba.52650_dex_aper_upstream", "mba.13570_den_aper_upstream", "mbb.52730_den_aper_upstream", "mdv.52107_aper_upstream", "mba.60770_den_aper_upstream", "qf.52010..3_aper_upstream", "qf.30010..1_aper_upstream", "mba.52250..2_aper_upstream", "qd.52510..4_aper_upstream", "mba.52650..3_aper_upstream", "qf.30010..2_aper_upstream", "mba.60170_den_aper_upstream", "lsf.52005_aper_upstream", "mba.52250_dex_aper_upstream", "mba.52250..3_aper_upstream", "qf.52010..2_aper_upstream", "mbb.52090_dex_aper_upstream", "mba.52970_den_aper_upstream", "mba.52250_den_aper_upstream", "mba.21170_den_aper_upstream", "mba.30030_den_aper_upstream", "mba.60370_den_aper_upstream", "qecd.53402..4_aper_downstream", "mbb.52090..3_aper_upstream", "qf.52010..1_aper_upstream", "mba.40370_den_aper_upstream", "mba.62370_den_aper_upstream", "mba.52250..1_aper_upstream", "mba.43570_den_aper_upstream", "mba.23570_den_aper_upstream", "lsd.52305_aper_upstream", "mbb.52550..3_aper_upstream", "qf.52610..2_aper_upstream", "mbb.52350..1_aper_upstream", "qf.10210..1_aper_upstream", "mba.52250..4_aper_upstream", "mba.63370_den_aper_upstream", "qf.52210..2_aper_upstream", "mba.63570_den_aper_upstream", "mba.62970_den_aper_upstream", "loe.13602_aper_upstream", "mba.52230..4_aper_upstream", "mba.32370_den_aper_upstream", "mba.31170_den_aper_upstream", "mba.23370_den_aper_upstream", "mba.11170_den_aper_upstream", "mba.22970_den_aper_upstream", "mba.52590..4_aper_upstream", "lsf.13605_aper_upstream", "mbb.52350..4_aper_upstream", "qd.52310..1_aper_upstream", "mba.33570_den_aper_upstream", "qecd.53402..1_aper_upstream", "mpsv.61303_aper_upstream", "mba.52590..3_aper_upstream", "lof.62802_aper_upstream", "mba.53370_den_aper_upstream", "lsd.22505_aper_upstream", "lod.62702_aper_upstream", "mbb.52550..4_aper_upstream", "qf.12410..3_aper_upstream", "mbb.52070_den_aper_upstream", "qd.52110..4_aper_upstream", "lsd.60105_aper_upstream", "mba.52370_dex_aper_upstream", "mba.20030_den_aper_upstream", "qf.30010..3_aper_upstream", "qfa.61810..2_aper_upstream", "qd.52510..1_aper_upstream", "mba.22370_den_aper_upstream", "loen.23602_aper_upstream", "qf.52610..1_aper_upstream", "mba.52590..2_aper_upstream", "lsd.62505_aper_upstream", "mbb.52070..3_aper_upstream", "mba.52390..4_aper_upstream", "mba.52390..3_aper_upstream", "mba.52230..1_aper_upstream", "mba.51170_den_aper_upstream", "lsf.60205_aper_upstream", "mba.62250_dex_aper_upstream", "mba.52390_dex_aper_upstream", "mba.62430_den_aper_upstream", "mba.52230_dex_aper_upstream", "mba.60570_den_aper_upstream", "mba.32770_den_aper_upstream", "lse.12402_aper_upstream", "lsd.31105_aper_upstream", "mba.53170_den_aper_upstream", "mbb.52550_dex_aper_upstream", "mbb.52350..3_aper_upstream", "qf.12410..1_aper_upstream", "mba.52590_den_aper_upstream", "mba.41170_den_aper_upstream", "mba.52590_dex_aper_upstream", "qf.20010..1_aper_upstream", "mba.21570_den_aper_upstream", "qf.10010..1_aper_upstream", "lsf.12405_aper_upstream", "qfa.41810..1_aper_upstream", "mba.13370_den_aper_upstream", "lsf.52605_aper_upstream", "mba.20570_den_aper_upstream", "lsd.10105_aper_upstream", "qd.52110..1_aper_upstream", "mba.10970_den_aper_upstream", "qf.12410..2_aper_upstream", "mba.40570_den_aper_upstream", "mba.61370_den_aper_upstream", "mbb.52150..3_aper_upstream", "mbb.52150..4_aper_upstream", "mbb.52090..1_aper_upstream", "qf.62810..1_aper_upstream", "qd.52510..3_aper_upstream", "mba.52430_den_aper_upstream", "mba.42370_den_aper_upstream", "qf.52610..3_aper_upstream", "mba.61170_den_aper_upstream", "qf.52410..1_aper_upstream", "qf.32610..2_aper_upstream", "mba.32970_den_aper_upstream", "mba.52570_den_aper_upstream", "lsd.32505_aper_upstream", "mbb.52270_den_aper_upstream", "lof.22602_aper_upstream", 