{"collimator": {"s": [5220.5916], "name": ["tcsm.51932"], "length": [1.83], "n": [13.0]}, "aperture": {"s": [5254.640183666078, 1520.61699069861, 5242.629328163265, 5257.728290698609, 5276.554111070872, 5261.201987295839, 5259.041667150566], "name": ["mba.52030..3_aper_upstream", "mba.21170_den_aper_upstream", "loen.52002_aper_upstream", "mba.52050_den_aper_upstream", "mbb.52090..4_aper_upstream", "mba.52050..3_aper_upstream", "mba.52050..2_aper_upstream"], "n": [1.0, 1.0, 1.0, 1.0, 2.0, 1.0, 1.0]}, "machine_length": 6911.5038, "interpolation": 0.1, "reversed": false}