{"collimator": {"s": [5220.5916], "name": ["tcsm.51932"], "length": [1.83], "n": [6725.0]}, "aperture": {"s": [5223.897852244898, 5248.480244444444, 5311.835144444443, 5258.264863721705, 5455.974509301391, 6173.8915, 5808.309190698609, 5250.8772933561495, 5369.002141742244, 5258.550685299368, 5263.809451627025, 798.464996179068, 5256.702307441112, 5277.010022789842, 5406.6168, 5488.332190698609, 5254.443790925599, 5246.9085, 5327.357707441111, 5437.9038, 5249.211503703704, 5475.042190698609, 5453.188187295839, 5257.5283, 5260.90739818512, 5455.348507441112, 5790.5872, 5251.336577210158, 5256.97059395266, 5261.791165517277, 6512.25869069861, 5283.055990698609, 5278.53225556886, 5823.890399999999, 1150.2536, 5252.087078039847, 5274.19739818512, 5276.063129219673, 766.6583142857143, 5249.759948148148, 5744.313790698609, 5246.017157142857, 5442.95899202738, 4720.38729069861, 2288.5618906986097, 6896.2310906986095, 1904.5894906986098, 3120.50219069861, 5325.099190925599, 5294.839025589913, 3056.50679069861, 5315.063690698609, 5327.62599395266, 5320.010332849433, 5281.209203703704, 5247.931799999999, 5367.448534884523, 1950.8629, 5324.019030852963, 5436.532611070872, 4592.396490698609, 5342.470872757342, 6832.23569069861, 4254.6995, 5693.6172, 769.7159185185185, 1136.6445906986098, 5371.948032849434, 5680.31839069861, 5439.825944444444, 6594.39879867123, 4272.4194906986095, 766.2722, 3824.45169069861, 6000.29549069861, 5316.769852631524, 4976.368990698609, 112.71809069860977, 2096.57569069861, 5297.749222673594, 4208.42409069861, 5321.32370930139, 304.7042906986098, 5437.077951627025, 5410.3883000000005, 368.6996906986098, 5322.081406047339, 5360.34139069861, 5440.649259259259, 3440.4791906986097, 5693.803333333333, 5392.271595349304, 5321.723690698609, 5280.295129629629, 6621.8188, 5409.382818518518, 5630.501864950099, 6110.5643, 1851.2998762708212, 1118.2139, 6335.5713, 752.6721906986097, 6014.5712, 1155.3622906986097, 2672.5342906986098, 2654.8123, 768.2533999999999, 1182.918, 2304.4173222222225, 5936.29999069861, 6479.632722789842, 2224.56649069861, 5318.635583666078, 5264.183300000001, 5469.81050132877, 5377.110896296296, 5432.997541742244, 5441.746148148149, 3568.4699906986098, 5374.230985714285, 944.6583906986098, 5434.666880036318, 5759.8949999999995, 4400.410290698609, 5366.243693952661, 5431.175648372975, 6143.9589074074065, 1152.2258000000002, 2416.5526906986097, 5423.678522789842, 5279.292888888888, 6704.244890698609, 5872.304590698609, 4784.38269069861, 5293.169687295839, 768.5276222222221, 3184.4975906986097, 2032.5802906986098, 5339.272958257756, 5758.5895, 5406.7099071428565, 5408.5601518518515, 6527.747844444444, 5370.08230181488, 5315.242548372975, 2306.99309468492, 5438.25815, 1502.895, 6128.286290698609, 5281.66624074074, 1520.61699069861, 1663.9067, 6530.976390698609, 6525.8587, 3136.2662148148147, 5378.77259468492, 1984.6231370370372, 5763.03149069861, 816.6675906986097], "name": ["loen.52002_aper_upstream", "qf.52010..2_aper_upstream", "qf.52210..1_aper_upstream", "mba.52050..1_aper_upstream", "mba.52650_dex_aper_upstream", "mpsv.61303_aper_upstream", "mba.60170_den_aper_upstream", "mba.52030_den_aper_upstream", "mba.52390..2_aper_upstream", "mba.52050..2_aper_upstream", "mba.52050_dex_aper_upstream", "lsd.12505_aper_upstream", "mba.52030..4_aper_upstream", "mbb.52090_dex_aper_upstream", "lsd.52505_aper_upstream", "mba.52770_den_aper_upstream", "mba.52030..3_aper_upstream", "mdh.52007_aper_upstream", "mba.52250..4_aper_upstream", "lof.52602_aper_upstream", "qf.52010..3_aper_upstream", "mbb.52730_den_aper_upstream", "mba.52650..3_aper_upstream", "mba.52050_den_aper_upstream", "mba.52050..3_aper_upstream", "mba.52650..4_aper_upstream", "lsd.60105_aper_upstream", "mba.52030..1_aper_upstream", "mba.52030_dex_aper_upstream", "mba.52050..4_aper_upstream", "mba.62370_den_aper_upstream", "mbb.52130_den_aper_upstream", "mdv.52107_aper_upstream", "qf.60210..1_aper_upstream", "loe.13602_aper_upstream", "mba.52030..2_aper_upstream", "mbb.52090..3_aper_upstream", "mbb.52090..4_aper_upstream", "lsf.12405_aper_upstream", "qf.52010..4_aper_upstream", "mba.53570_den_aper_upstream", "lsf.52005_aper_upstream", "mba.52630_den_aper_upstream", "mba.50370_den_aper_upstream", "mba.23570_den_aper_upstream", "mba.63570_den_aper_upstream", "mba.22370_den_aper_upstream", "mba.32570_den_aper_upstream", "mba.52250..3_aper_upstream", "mbb.52150..4_aper_upstream", "mba.32370_den_aper_upstream", "mba.52230_den_aper_upstream", "mba.52250_dex_aper_upstream", "mba.52230..4_aper_upstream", "qd.52110..3_aper_upstream", "qf.52010..1_aper_upstream", "mba.52390..1_aper_upstream", "lsd.22505_aper_upstream", "mba.52250..2_aper_upstream", "mba.52590..4_aper_upstream", "mba.43570_den_aper_upstream", "lsd.52305_aper_upstream", "mba.63370_den_aper_upstream", "lsd.42505_aper_upstream", "qecd.53402..1_aper_upstream", "qf.12410..3_aper_upstream", "mba.13570_den_aper_upstream", "mba.52390..4_aper_upstream", "mba.53370_den_aper_upstream", "qf.52610..1_aper_upstream", "mba.62630_den_aper_upstream", "mba.42570_den_aper_upstream", "lse.12402_aper_upstream", "mba.41170_den_aper_upstream", "mba.60770_den_aper_upstream", "mba.52230..2_aper_upstream", "mba.51170_den_aper_upstream", "mba.10370_den_aper_upstream", "mba.22970_den_aper_upstream", "mdh.52207_aper_upstream", "mba.42370_den_aper_upstream", "mba.52230_dex_aper_upstream", "mba.10970_den_aper_upstream", "mba.52590_dex_aper_upstream", "qd.52510..4_aper_upstream", "mba.11170_den_aper_upstream", "mba.52250..1_aper_upstream", "mba.52370_den_aper_upstream", "qf.52610..2_aper_upstream", "mba.33570_den_aper_upstream", "qecd.53402..4_aper_downstream", "mbb.52470_den_aper_upstream", "mba.52250_den_aper_upstream", "qd.52110..2_aper_upstream", "lod.62702_aper_upstream", "qd.52510..3_aper_upstream", "lsf.53205_aper_upstream", "lsd.61105_aper_upstream", "mplh.22195_aper_upstream", "lod.13502_aper_upstream", "qfa.61810..1_aper_upstream", "mba.12370_den_aper_upstream", "lsf.60805_aper_upstream", "mba.20030_den_aper_upstream", "mba.31170_den_aper_upstream", "lsd.31105_aper_upstream", "qf.12410..1_aper_upstream", "lsd.20105_aper_upstream", "qf.30010..2_aper_upstream", "mba.60570_den_aper_upstream", "mba.62250_dex_aper_upstream", "mba.23370_den_aper_upstream", "mba.52230..3_aper_upstream", "mbb.52070_den_aper_upstream", "lod.52702_aper_upstream", "qf.52410..3_aper_upstream", "mba.52590..2_aper_upstream", "qf.52610..4_aper_upstream", "mba.40370_den_aper_upstream", "lsf.52405_aper_upstream", "mba.12970_den_aper_upstream", "mba.52590..3_aper_upstream", "qf.60010..1_aper_upstream", "mba.42970_den_aper_upstream", "mba.52370_dex_aper_upstream", "mba.52590..1_aper_upstream", "qf.61210..2_aper_upstream", "qf.20010..1_aper_upstream", "mba.30370_den_aper_upstream", "mbb.52550_dex_aper_upstream", "qd.52110..1_aper_upstream", "mba.62970_den_aper_upstream", "mba.60370_den_aper_upstream", "mba.50570_den_aper_upstream", "mbb.52150..3_aper_upstream", "qf.12410..2_aper_upstream", "mba.32770_den_aper_upstream", "mba.22770_den_aper_upstream", "mbb.52290..4_aper_upstream", "lsf.53605_aper_upstream", "qd.52510..1_aper_upstream", "qd.52510..2_aper_upstream", "qf.62410..1_aper_upstream", "mba.52390..3_aper_upstream", "mba.52230..1_aper_upstream", "mba.30030_den_aper_upstream", "lsf.52605_aper_upstream", "lsd.21105_aper_upstream", "mba.61170_den_aper_upstream", "qd.52110..4_aper_upstream", "mba.21170_den_aper_upstream", "qfa.21610..1_aper_upstream", "mba.62430_den_aper_upstream", "lse.62402_aper_upstream", "qf.32610..2_aper_upstream", "mba.52430_den_aper_upstream", "qf.22610..2_aper_upstream", "mba.60030_den_aper_upstream", "mba.12570_den_aper_upstream"],